date,HSI,SI,PI,CI,DTI,DCOILBRENTEU
2012-08-01,570,1047,954,1181,642,106.78
2012-08-02,558,1032,931,1178,638,107.55
2012-08-03,552,1023,910,1200,634,109.57
2012-08-06,544,1010,890,1214,626,110.01
2012-08-07,539,995,868,1237,623,112.39
2012-08-08,538,982,840,1204,619,113.42
2012-08-09,535,966,823,1192,615,113.52
2012-08-10,531,946,814,1169,613,113.13
2012-08-13,523,906,804,1158,612,114.48
2012-08-14,512,886,803,1147,608,113.9
2012-08-15,506,877,801,1120,604,115.51
2012-08-16,502,865,801,1105,604,116.12
2012-08-17,496,856,806,1095,606,115.2
2012-08-20,490,847,819,1087,608,115.5
2012-08-21,485,841,833,1082,610,116.03
2012-08-22,481,838,843,1091,614,115.77
2012-08-23,477,833,840,1103,617,117.45
2012-08-24,474,833,828,1124,617,115.76
2012-08-28,472,845,812,1182,618,112.62
2012-08-29,466,853,788,1177,620,112.53
2012-08-30,463,857,758,1169,622,112.28
2012-08-31,459,858,735,1172,626,113.93
2012-09-03,458,855,714,1180,627,113.93
2012-09-04,456,857,686,1186,628,114.98
2012-09-05,455,852,647,1188,626,113.32
2012-09-06,457,849,617,1186,628,114.5
2012-09-07,458,845,599,1186,631,113.64
2012-09-10,461,837,582,1188,634,113.84
2012-09-11,466,832,566,1187,637,114.86
2012-09-12,471,827,545,1186,635,114.86
2012-09-13,475,821,527,1198,634,116.0
2012-09-14,477,825,502,1204,633,117.48
2012-09-17,479,828,483,1219,634,116.7
2012-09-18,480,834,474,1326,635,113.29
2012-09-19,480,839,468,1421,637,108.49
2012-09-20,482,843,468,1531,642,109.41
2012-09-21,484,845,467,1584,643,111.27
2012-09-24,486,850,461,1578,642,109.2
2012-09-25,483,847,441,1568,640,110.77
2012-09-26,479,847,426,1549,638,108.99
2012-09-27,476,847,418,1548,640,111.45
2012-09-28,472,844,425,1621,646,111.36
2012-10-01,467,836,439,1660,649,112.58
2012-10-02,454,830,463,1676,652,112.49
2012-10-03,448,825,496,1738,656,109.32
2012-10-04,445,818,544,1873,660,110.48
2012-10-05,444,810,598,1932,664,112.17
2012-10-08,444,802,647,1921,664,112.6
2012-10-09,442,795,712,1829,662,114.32
2012-10-10,442,791,784,1775,662,116.11
2012-10-11,444,789,843,1833,663,116.18
2012-10-12,444,787,871,1914,665,115.17
2012-10-15,444,783,885,1960,667,115.0
2012-10-16,443,776,904,2103,668,115.0
2012-10-17,443,768,904,2162,668,113.49
2012-10-18,444,754,895,2135,670,112.58
2012-10-19,445,746,879,2217,672,111.89
2012-10-22,445,740,861,2332,676,109.62
2012-10-23,442,732,843,2587,680,107.53
2012-10-24,440,721,825,2530,681,107.66
2012-10-25,437,716,811,2432,683,107.64
2012-10-26,434,712,804,2451,681,108.9
2012-10-29,432,706,799,2460,678,109.33
2012-10-30,430,699,792,2458,675,109.4
2012-10-31,429,693,782,2419,672,109.89
2012-11-01,426,689,770,2355,674,108.84
2012-11-02,422,678,766,2304,672,106.79
2012-11-05,419,671,757,2261,667,105.59
2012-11-06,416,669,747,2186,659,109.27
2012-11-07,412,662,737,2098,655,108.21
2012-11-08,409,654,726,2119,662,107.23
2012-11-09,407,647,722,2203,667,108.61
2012-11-12,405,644,720,2283,680,110.23
2012-11-13,405,649,732,2327,687,108.82
2012-11-14,402,652,774,2375,700,109.66
2012-11-15,403,653,846,2350,713,110.07
2012-11-16,405,655,886,2347,715,106.81
2012-11-19,407,664,902,2369,715,110.06
2012-11-20,409,674,933,2367,723,110.01
2012-11-21,416,687,963,2335,723,110.81
2012-11-22,424,695,991,2318,725,110.81
2012-11-23,431,706,1013,2288,723,110.14
2012-11-26,434,716,1021,2277,723,110.18
2012-11-27,438,724,1023,2275,721,109.33
2012-11-28,442,732,1009,2275,719,108.26
2012-11-29,446,742,994,2241,708,110.47
2012-11-30,448,751,980,2199,705,110.84
2012-12-03,448,760,973,2166,705,111.27
2012-12-04,447,766,962,2095,703,109.99
2012-12-05,446,772,949,2000,701,108.96
2012-12-06,446,771,940,1897,702,108.01
2012-12-07,447,768,936,1832,706,107.16
2012-12-10,447,765,928,1762,707,108.25
2012-12-11,447,760,914,1652,711,107.6
2012-12-12,444,751,894,1446,724,110.17
2012-12-13,443,751,871,1407,730,110.18
2012-12-14,443,748,839,1440,741,109.28
2012-12-17,444,746,815,1403,746,109.35
2012-12-18,444,745,793,1315,754,109.96
2012-12-19,444,742,765,1233,774,109.95
2012-12-20,445,738,734,1226,779,110.57
2012-12-21,446,738,710,1228,778,109.13
2012-12-24,447,735,699,1235,774,108.44
2013-01-02,446,732,685,1237,764,112.98
2013-01-03,447,737,675,1254,696,113.03
2013-01-04,446,739,670,1285,689,112.58
2013-01-07,443,739,670,1319,679,112.49
2013-01-08,442,739,682,1386,671,113.03
2013-01-09,443,740,717,1384,663,113.07
2013-01-10,443,741,754,1367,654,112.97
2013-01-11,448,743,772,1367,646,110.3
2013-01-14,451,745,774,1370,641,111.32
2013-01-15,454,743,768,1365,637,111.72
2013-01-16,457,740,754,1431,633,110.97
2013-01-17,464,738,743,1573,631,111.01
2013-01-18,470,735,740,1605,630,111.71
2013-01-21,474,730,736,1604,630,111.71
2013-01-22,477,728,729,1577,633,112.72
2013-01-23,478,721,727,1564,632,113.68
2013-01-24,478,713,723,1541,636,114.59
2013-01-25,475,712,718,1520,647,113.88
2013-01-28,472,711,713,1507,646,113.92
2013-01-29,467,710,703,1491,637,115.22
2013-01-30,461,695,690,1477,632,115.42
2013-01-31,455,688,677,1468,636,115.55
2013-02-01,449,684,664,1454,636,115.55
2013-02-04,444,682,653,1461,635,116.06
2013-02-05,438,681,651,1466,634,117.03
2013-02-06,431,677,657,1484,632,116.61
2013-02-07,425,674,695,1481,636,117.17
2013-02-08,421,671,723,1461,638,118.9
2013-02-11,418,669,737,1453,640,118.29
2013-02-12,417,666,749,1448,643,117.89
2013-02-13,414,668,782,1448,647,118.43
2013-02-14,412,664,808,1429,655,118.48
2013-02-15,412,667,832,1434,657,117.4
2013-02-18,411,672,845,1408,661,117.4
2013-02-19,411,679,859,1377,659,117.04
2013-02-20,410,687,875,1355,658,116.23
2013-02-21,411,695,892,1344,669,114.19
2013-02-22,412,705,909,1335,673,113.74
2013-02-25,414,717,922,1323,677,114.55
2013-02-26,419,724,939,1291,683,112.96
2013-02-27,426,734,961,1264,686,112.24
2013-02-28,436,745,990,1249,692,112.2
2013-03-01,447,764,1036,1243,697,110.14
2013-03-04,454,781,1058,1239,700,109.9
2013-03-05,466,801,1080,1246,696,110.42
2013-03-06,472,818,1090,1251,690,110.27
2013-03-07,478,837,1112,1260,686,110.42
2013-03-08,483,852,1124,1262,681,108.91
2013-03-11,485,864,1128,1260,674,108.64
2013-03-12,486,876,1131,1314,666,108.48
2013-03-13,490,889,1138,1314,661,107.51
2013-03-14,494,903,1147,1302,661,108.1
2013-03-15,506,913,1162,1299,669,109.32
2013-03-18,513,925,1172,1295,663,108.54
2013-03-19,522,937,1184,1290,662,106.91
2013-03-20,532,950,1190,1294,659,108.27
2013-03-21,539,959,1202,1290,664,106.41
2013-03-22,542,968,1208,1284,671,106.51
2013-03-25,543,978,1210,1284,677,106.66
2013-03-26,545,981,1204,1275,675,107.1
2013-03-27,547,977,1191,1258,669,108.51
2013-03-28,547,965,1176,1249,663,108.46
2013-04-02,543,944,1155,1229,661,109.66
2013-04-03,537,933,1129,1209,658,107.82
2013-04-04,529,924,1106,1209,659,105.09
2013-04-05,525,915,1094,1215,677,103.98
2013-04-08,523,912,1084,1223,707,103.16
2013-04-09,518,907,1077,1236,712,104.08
2013-04-10,518,902,1080,1250,709,104.8
2013-04-11,521,900,1095,1257,702,103.62
2013-04-12,526,901,1112,1265,682,100.58
2013-04-15,528,902,1125,1257,674,99.32
2013-04-16,531,902,1143,1251,663,97.88
2013-04-17,537,900,1167,1245,638,96.84
2013-04-18,538,899,1180,1238,630,97.48
2013-04-19,539,898,1196,1234,632,98.94
2013-04-22,540,902,1202,1230,634,99.07
2013-04-23,540,902,1193,1220,638,99.25
2013-04-24,543,903,1165,1214,638,100.71
2013-04-25,544,905,1121,1220,626,101.62
2013-04-26,545,904,1082,1246,622,102.39
2013-04-29,545,900,1058,1260,623,102.88
2013-04-30,544,895,1028,1273,621,101.53
2013-05-01,545,888,1018,1279,619,98.34
2013-05-02,546,884,1010,1322,623,100.32
2013-05-03,546,880,1006,1344,623,104.6
2013-05-07,546,876,999,1393,622,105.18
2013-05-08,548,874,995,1408,620,103.79
2013-05-09,551,872,995,1398,616,103.59
2013-05-10,551,869,994,1382,620,101.31
2013-05-13,553,866,993,1370,617,102.17
2013-05-14,555,861,988,1360,615,102.7
2013-05-15,555,857,974,1338,615,101.57
2013-05-16,554,854,951,1334,614,104.27
2013-05-17,553,853,930,1326,611,103.83
2013-05-20,555,851,917,1317,612,104.55
2013-05-21,554,852,899,1321,609,103.1
2013-05-22,552,851,880,1333,605,102.14
2013-05-23,551,853,863,1339,603,100.46
2013-05-24,546,855,854,1350,604,101.24
2013-05-28,545,857,838,1346,606,103.77
2013-05-29,543,858,821,1348,609,102.14
2013-05-30,537,859,806,1339,614,101.79
2013-05-31,533,865,795,1336,614,100.43
2013-06-03,529,871,786,1333,612,101.63
2013-06-04,526,873,776,1338,610,102.04
2013-06-05,521,877,768,1335,609,103.51
2013-06-06,521,880,764,1344,608,103.37
2013-06-07,524,885,764,1352,605,104.07
2013-06-10,525,889,766,1359,602,103.87
2013-06-11,525,890,777,1379,603,101.5
2013-06-12,525,892,808,1427,601,103.11
2013-06-13,528,895,833,1484,594,103.38
2013-06-14,533,895,859,1537,590,105.1
2013-06-17,539,900,878,1588,587,105.8
2013-06-18,544,900,892,1674,586,105.21
2013-06-19,547,903,909,1757,583,105.56
2013-06-20,548,909,920,1792,580,102.72
2013-06-21,552,916,927,1822,580,100.36
2013-06-24,552,923,937,1912,584,99.8
2013-06-25,552,930,959,1959,583,101.51
2013-06-26,554,937,976,2061,580,100.62
2013-06-27,558,944,994,2120,577,102.74
2013-06-28,564,950,1007,2165,577,102.49
2013-07-01,566,954,1014,2176,577,103.19
2013-07-02,569,954,1016,2134,580,103.96
2013-07-03,569,952,1017,2020,587,106.12
2013-07-04,568,943,1012,1936,589,106.12
2013-07-05,568,932,1008,1929,598,107.46
2013-07-08,568,924,1002,1977,603,107.75
2013-07-09,566,920,1006,2012,606,107.9
2013-07-10,564,911,1024,2037,609,108.43
2013-07-11,561,904,1062,2047,611,108.18
2013-07-12,561,901,1097,2058,613,109.03
2013-07-15,560,897,1118,2052,612,109.05
2013-07-16,559,894,1136,2044,611,109.29
2013-07-17,556,895,1153,2034,609,109.67
2013-07-18,550,894,1165,2006,617,109.71
2013-07-19,544,897,1172,1987,630,109.34
2013-07-22,541,898,1170,1978,650,108.82
2013-07-23,539,902,1159,1956,650,109.27
2013-07-24,539,907,1145,1936,649,108.23
2013-07-25,535,914,1123,1890,646,108.1
2013-07-26,534,917,1104,1873,650,107.57
2013-07-29,534,917,1090,1864,653,108.1
2013-07-30,532,919,1075,1856,650,107.47
2013-07-31,531,916,1057,1881,638,107.89
2013-08-01,530,912,1041,1935,624,109.94
2013-08-02,529,909,1021,1950,618,109.63
2013-08-05,527,908,1009,1939,618,109.81
2013-08-06,526,908,992,1907,618,108.77
2013-08-07,525,907,977,1853,618,108.39
2013-08-08,522,911,962,1829,621,107.32
2013-08-09,521,913,948,1813,629,108.49
2013-08-12,518,911,940,1805,632,109.28
2013-08-13,516,910,933,1846,631,110.69
2013-08-14,518,909,928,2021,631,110.26
2013-08-15,517,910,926,2099,642,111.58
2013-08-16,517,913,923,2112,645,111.82
2013-08-19,519,916,917,2140,644,111.41
2013-08-20,520,917,912,2218,647,110.74
2013-08-21,522,919,905,2268,653,110.82
2013-08-22,525,920,904,2284,663,110.51
2013-08-23,528,925,903,2312,663,112.12
2013-08-27,531,927,904,2335,658,115.21
2013-08-28,531,929,901,2284,645,116.27
2013-08-29,530,934,904,2256,642,116.91
2013-08-30,531,937,907,2243,630,115.97
2013-09-02,534,939,912,2263,622,115.97
2013-09-03,534,939,921,2344,618,115.49
2013-09-04,535,939,933,2445,608,115.65
2013-09-05,534,943,961,2660,604,115.81
2013-09-06,537,952,1020,2799,598,117.15
2013-09-09,540,959,1105,3113,593,115.2
2013-09-10,542,965,1186,3255,587,112.1
2013-09-11,543,958,1241,3431,583,112.37
2013-09-12,545,954,1278,3397,583,113.11
2013-09-13,544,946,1306,3446,585,113.31
2013-09-16,547,940,1321,3480,583,110.86
2013-09-17,548,936,1349,3691,582,109.05
2013-09-18,549,934,1385,3838,582,109.09
2013-09-19,554,942,1415,3924,580,110.66
2013-09-20,558,951,1453,4018,580,110.22
2013-09-23,561,964,1509,4111,589,108.56
2013-09-24,567,971,1602,4253,585,107.68
2013-09-25,576,986,1745,4329,586,109.46
2013-09-26,585,1012,1794,4193,588,108.86
2013-09-27,594,1046,1800,3967,587,109.45
2013-09-30,597,1069,1795,3853,586,107.85
2013-10-01,597,1079,1786,3816,584,107.32
2013-10-02,599,1087,1813,3810,586,109.09
2013-10-03,602,1093,1862,3878,587,109.49
2013-10-04,609,1101,1914,3943,594,109.42
2013-10-07,618,1113,1947,4020,601,109.66
2013-10-08,622,1127,1989,4085,599,110.56
2013-10-09,629,1145,2016,3959,601,109.02
2013-10-10,630,1162,2027,3621,595,111.63
2013-10-11,632,1175,2024,3527,591,110.65
2013-10-14,634,1182,2020,3455,587,110.13
2013-10-15,637,1185,2021,3469,586,110.67
2013-10-16,634,1186,2030,3478,589,110.79
2013-10-17,632,1199,2059,3451,607,109.55
2013-10-18,634,1206,2060,3264,617,109.4
2013-10-21,635,1213,2054,3200,621,109.47
2013-10-22,636,1221,2038,3110,621,109.57
2013-10-23,639,1228,2010,2943,617,107.74
2013-10-24,644,1243,1959,2775,614,106.63
2013-10-25,649,1252,1904,2681,596,105.7
2013-10-28,653,1258,1855,2526,600,108.29
2013-10-29,656,1260,1790,2340,599,108.04
2013-10-30,660,1266,1716,2164,596,108.41
2013-10-31,665,1268,1667,2245,591,107.53
2013-11-01,669,1269,1631,2316,595,105.78
2013-11-04,673,1273,1612,2400,604,104.85
2013-11-05,678,1280,1617,2553,608,105.01
2013-11-06,681,1285,1614,2554,615,105.46
2013-11-07,685,1291,1594,2533,623,103.08
2013-11-08,690,1305,1565,2514,631,104.29
2013-11-11,692,1315,1542,2506,635,105.76
2013-11-12,693,1320,1510,2473,635,106.29
2013-11-13,696,1321,1474,2455,639,106.9
2013-11-14,699,1325,1438,2397,643,108.29
2013-11-15,703,1339,1409,2377,647,108.25
2013-11-18,705,1354,1382,2366,642,108.8
2013-11-19,708,1360,1353,2366,647,108.29
2013-11-20,715,1363,1346,2511,650,108.27
2013-11-21,721,1371,1345,2447,655,109.9
2013-11-22,728,1378,1362,2390,652,111.36
2013-11-25,732,1393,1387,2391,652,110.83
2013-11-26,737,1404,1427,2399,652,112.04
2013-11-27,745,1418,1510,2496,653,111.32
2013-11-28,757,1441,1613,2848,666,111.32
2013-11-29,764,1458,1665,3089,673,111.07
2013-12-02,771,1475,1695,3194,674,111.49
2013-12-03,776,1488,1741,3316,680,113.06
2013-12-04,782,1507,1795,3481,694,113.27
2013-12-05,786,1522,1867,3843,699,112.07
2013-12-06,789,1531,1923,3842,709,111.5
2013-12-09,792,1552,1955,3831,740,110.07
2013-12-10,796,1557,1997,4011,759,108.91
2013-12-11,803,1554,2050,4210,780,109.47
2013-12-12,810,1560,2085,4291,795,108.99
2013-12-13,814,1562,2096,4246,804,108.08
2013-12-16,817,1553,2082,4065,823,110.3
2013-12-17,821,1546,2025,3818,829,108.91
2013-12-18,820,1541,1946,3638,853,109.56
2013-12-19,818,1517,1883,3596,870,110.78
2013-12-20,811,1499,1858,3875,897,112.15
2013-12-23,805,1482,1835,3996,932,111.58
2013-12-24,801,1468,1825,4078,997,111.57
2014-01-02,773,1453,1780,3733,997,107.94
2014-01-03,763,1330,1750,3531,1021,106.57
2014-01-06,750,1276,1724,3287,1026,106.71
2014-01-07,744,1239,1692,3017,1006,107.01
2014-01-08,741,1204,1672,2818,1014,107.42
2014-01-09,735,1191,1645,2500,1026,107.49
2014-01-10,730,1188,1621,2101,1041,106.44
2014-01-13,726,1190,1598,1857,1051,108.02
2014-01-14,725,1191,1580,1832,1053,107.12
2014-01-15,724,1189,1572,1862,1090,108.09
2014-01-16,722,1182,1570,1929,1142,107.46
2014-01-17,719,1175,1564,2026,1222,108.45
2014-01-20,719,1165,1552,2082,1273,108.01
2014-01-21,715,1154,1530,1973,1344,109.17
2014-01-22,715,1141,1496,1880,1340,109.69
2014-01-23,715,1130,1468,1775,1323,109.69
2014-01-24,712,1121,1437,1723,1243,109.14
2014-01-27,708,1112,1413,1673,1186,108.72
2014-01-28,705,1098,1387,1577,1132,109.1
2014-01-29,700,1079,1369,1531,1099,108.83
2014-01-30,691,1056,1347,1527,1065,109.36
2014-01-31,684,1018,1337,1524,1037,108.16
2014-02-03,682,996,1326,1516,1005,106.55
2014-02-04,681,975,1313,1513,958,107.04
2014-02-05,677,961,1307,1544,926,106.81
2014-02-06,676,948,1307,1575,890,108.15
2014-02-07,674,937,1304,1588,866,110.12
2014-02-10,669,929,1305,1611,853,110.18
2014-02-11,667,929,1322,1581,852,109.21
2014-02-12,665,928,1324,1548,846,108.62
2014-02-13,668,938,1313,1557,829,108.98
2014-02-14,671,965,1311,1554,818,108.63
2014-02-17,676,998,1308,1625,811,108.63
2014-02-18,677,1026,1298,1667,802,110.14
2014-02-19,678,1049,1282,1690,783,110.37
2014-02-20,676,1068,1261,1680,772,109.42
2014-02-21,677,1087,1244,1701,770,109.03
2014-02-24,679,1098,1222,1707,761,109.76
2014-02-25,679,1096,1187,1775,753,109.19
2014-02-26,674,1096,1154,1912,750,109.39
2014-02-27,673,1097,1123,2049,741,108.54
2014-02-28,669,1100,1099,2084,737,108.98
2014-03-03,666,1103,1080,2180,726,111.26
2014-03-04,662,1107,1062,2326,717,109.17
2014-03-05,661,1115,1053,2596,711,108.15
2014-03-06,663,1116,1056,2830,702,107.99
2014-03-07,663,1122,1075,2980,695,109.14
2014-03-10,663,1131,1088,3023,689,108.27
2014-03-11,666,1137,1104,3045,692,108.35
2014-03-12,668,1149,1102,2600,681,107.88
2014-03-13,668,1159,1106,2654,678,107.48
2014-03-14,671,1173,1113,2677,676,108.08
2014-03-17,671,1183,1116,2691,679,106.99
2014-03-18,668,1191,1118,2818,682,106.79
2014-03-19,667,1198,1120,2982,695,105.95
2014-03-20,671,1200,1120,3129,699,105.73
2014-03-21,674,1205,1112,3036,711,107.2
2014-03-24,676,1209,1107,3055,712,106.59
2014-03-25,676,1207,1088,2993,712,107.01
2014-03-26,672,1201,1062,2761,711,105.9
2014-03-27,659,1180,1018,2579,711,106.58
2014-03-28,649,1139,978,2557,709,106.64
2014-03-31,642,1115,942,2573,705,105.95
2014-04-01,632,1090,897,2505,700,105.7
2014-04-02,621,1068,867,2418,694,103.37
2014-04-03,610,1047,836,2343,691,104.88
2014-04-04,598,1025,822,2306,688,106.41
2014-04-07,588,1003,812,2293,696,104.89
2014-04-08,580,982,801,2029,696,105.83
2014-04-09,571,965,794,1946,691,107.39
2014-04-10,562,949,787,1865,693,107.1
2014-04-11,556,936,782,1789,692,107.34
2014-04-14,549,927,778,1765,693,107.68
2014-04-15,543,921,777,1724,690,109.1
2014-04-16,536,916,792,1613,693,109.71
2014-04-17,533,909,812,1591,686,109.79
2014-04-22,528,908,828,1616,677,108.54
2014-04-23,524,909,840,1674,673,108.48
2014-04-24,520,911,852,1692,666,109.79
2014-04-25,517,909,864,1696,658,109.53
2014-04-28,517,912,868,1668,657,109.12
2014-04-29,515,916,872,1613,655,109.89
2014-04-30,513,922,871,1600,651,108.63
2014-05-01,514,919,871,1716,648,108.63
2014-05-02,510,915,865,1829,644,109.48
2014-05-06,510,915,866,1691,647,108.3
2014-05-07,509,917,869,1681,648,108.17
2014-05-08,508,920,879,1613,655,108.19
2014-05-09,506,918,898,1541,665,108.26
2014-05-12,504,909,910,1483,664,108.37
2014-05-13,502,905,933,1453,661,108.78
2014-05-14,497,904,969,1496,658,109.87
2014-05-15,490,904,1016,1546,657,109.74
2014-05-16,485,901,1041,1530,656,110.9
2014-05-19,483,899,1054,1494,652,110.84
2014-05-20,482,896,1061,1431,649,110.35
2014-05-21,480,891,1056,1354,651,111.32
2014-05-22,480,884,1028,1302,669,110.89
2014-05-23,480,872,1001,1358,684,110.19
2014-05-27,481,866,971,1457,691,109.81
2014-05-28,481,855,940,1405,682,109.09
2014-05-29,484,846,904,1379,674,109.98
2014-05-30,485,839,872,1395,667,109.21
2014-06-02,485,830,846,1429,657,109.34
2014-06-03,485,829,816,1545,651,108.87
2014-06-04,484,829,786,1604,641,109.07
2014-06-05,482,821,758,1689,635,108.43
2014-06-06,481,811,727,1793,630,109.21
2014-06-09,478,802,713,1846,635,110.55
2014-06-10,475,797,699,1903,636,109.18
2014-06-11,469,787,678,1864,637,109.83
2014-06-12,465,774,635,1792,637,112.18
2014-06-13,459,760,582,1730,635,113.15
2014-06-16,450,748,542,1695,641,113.42
2014-06-17,446,740,514,1676,641,114.02
2014-06-18,443,724,492,1767,650,114.25
2014-06-19,442,715,474,1919,672,115.19
2014-06-20,441,708,461,1950,712,114.55
2014-06-23,440,704,452,1896,715,113.62
2014-06-24,438,701,446,1848,717,113.74
2014-06-25,433,694,433,1799,717,112.84
2014-06-26,427,687,423,1748,717,112.61
2014-06-27,420,679,419,1773,723,112.62
2014-06-30,413,678,423,1871,721,111.03
2014-07-01,409,675,446,2045,724,110.84
2014-07-02,408,676,485,1999,728,110.18
2014-07-03,404,677,557,1935,747,108.98
2014-07-04,403,680,640,1864,750,108.98
2014-07-07,402,682,680,1808,741,108.7
2014-07-08,400,686,704,1755,736,107.65
2014-07-09,397,687,710,1648,739,106.84
2014-07-10,393,684,702,1523,752,106.2
2014-07-11,390,681,679,1465,774,105.77
2014-07-14,385,679,666,1422,786,104.73
2014-07-15,380,675,644,1377,796,104.73
2014-07-16,377,671,621,1289,820,105.41
2014-07-17,373,666,603,1248,884,106.04
2014-07-18,372,660,586,1235,896,106.03
2014-07-21,369,659,576,1194,906,105.71
2014-07-22,364,659,576,1191,918,106.48
2014-07-23,361,661,584,1198,955,106.85
2014-07-24,358,661,596,1201,946,105.78
2014-07-25,357,666,606,1193,931,106.89
2014-07-28,358,679,616,1187,891,106.7
2014-07-29,357,684,624,1195,862,106.98
2014-07-30,356,688,625,1200,848,106.47
2014-07-31,355,704,619,1195,842,104.94
2014-08-01,357,716,611,1176,833,103.45
2014-08-04,356,728,610,1178,826,103.63
2014-08-05,357,740,609,1163,815,102.82
2014-08-06,358,753,609,1153,800,104.17
2014-08-07,360,767,616,1150,794,104.02
2014-08-08,363,785,624,1166,811,103.36
2014-08-11,366,804,634,1197,807,103.47
2014-08-12,370,819,651,1350,793,101.68
2014-08-13,373,829,674,1546,762,102.27
2014-08-14,376,845,739,1882,753,101.15
2014-08-15,382,861,803,2151,748,101.13
2014-08-18,387,877,836,2254,747,99.37
2014-08-19,394,889,837,2256,749,99.74
2014-08-20,399,902,828,2380,759,99.92
2014-08-21,406,912,818,2578,768,100.28
2014-08-22,413,925,812,2535,761,100.09
2014-08-26,420,937,808,2430,759,100.5
2014-08-27,427,944,811,2366,742,100.4
2014-08-28,437,952,842,2551,735,100.71
2014-08-29,442,963,871,2627,722,101.12
2014-09-01,450,970,888,2606,699,101.12
2014-09-02,456,977,903,2568,693,100.21
2014-09-03,462,983,919,2489,687,100.88
2014-09-04,466,988,927,2464,682,101.21
2014-09-05,469,993,931,2483,677,99.51
2014-09-08,472,997,940,2519,674,99.53
2014-09-09,472,995,940,2596,665,98.08
2014-09-10,474,1001,916,2602,660,96.26
2014-09-11,476,1003,895,2570,652,96.42
2014-09-12,477,1000,875,2546,645,96.31
2014-09-15,479,1006,860,2523,640,96.43
2014-09-16,484,1016,843,2442,635,97.39
2014-09-17,488,1028,829,2342,630,97.7
2014-09-18,494,1031,819,2192,625,96.82
2014-09-19,498,1030,814,2112,615,96.75
2014-09-22,505,1029,809,2118,612,95.37
2014-09-23,513,1032,800,2077,607,94.87
2014-09-24,521,1041,798,1967,604,94.53
2014-09-25,525,1045,799,1837,605,95.2
2014-09-26,526,1046,807,1852,608,95.08
2014-09-29,528,1053,812,1922,611,95.7
2014-09-30,529,1054,826,1915,613,94.67
2014-10-01,531,1051,854,1853,623,94.57
2014-10-02,531,1045,878,1788,639,91.29
2014-10-03,530,1033,887,1758,639,90.8
2014-10-06,530,1028,889,1735,645,90.65
2014-10-07,528,1017,884,1698,649,90.9
2014-10-08,523,1007,869,1632,657,90.25
2014-10-09,520,993,864,1580,664,90.47
2014-10-10,516,980,865,1544,674,88.66
2014-10-13,513,970,868,1521,678,87.82
2014-10-14,510,959,885,1485,683,87.82
2014-10-15,506,952,909,1376,689,84.02
2014-10-16,503,944,940,1315,694,84.02
2014-10-17,501,933,966,1362,698,85.27
2014-10-20,498,923,995,1512,700,84.42
2014-10-21,498,916,1032,2003,702,85.17
2014-10-22,496,911,1066,2186,703,86.38
2014-10-23,491,907,1099,2258,699,85.94
2014-10-24,489,906,1121,2422,699,86.0
2014-10-27,485,900,1137,2852,716,85.64
2014-10-28,481,899,1172,3436,735,85.57
2014-10-29,476,898,1202,3560,754,86.91
2014-10-30,472,896,1222,3534,777,85.5
2014-10-31,467,891,1233,3552,795,84.17
2014-11-03,463,892,1241,3640,809,84.9
2014-11-04,458,889,1238,3781,813,82.12
2014-11-05,457,888,1224,3702,820,82.88
2014-11-06,455,888,1205,3612,825,82.08
2014-11-07,454,886,1183,3661,833,83.2
2014-11-10,451,881,1168,3613,839,82.9
2014-11-11,451,879,1150,3419,839,80.94
2014-11-12,451,876,1133,3229,835,80.42
2014-11-13,451,873,1112,2972,843,77.74
2014-11-14,450,873,1089,2931,865,77.51
2014-11-17,451,875,1069,2971,871,76.86
2014-11-18,453,875,1061,3106,909,77.23
2014-11-19,455,881,1055,3127,937,77.21
2014-11-20,457,904,1053,3130,964,77.61
2014-11-21,462,926,1055,3038,973,79.2
2014-11-24,469,942,1059,2975,975,79.62
2014-11-25,476,956,1064,2963,960,77.62
2014-11-26,482,970,1073,2612,947,77.39
2014-11-27,487,980,1099,2347,939,77.39
2014-11-28,491,984,1120,2151,893,71.89
2014-12-01,492,986,1124,2025,866,70.87
2014-12-02,495,989,1119,1898,851,71.13
2014-12-03,498,987,1108,1677,833,70.13
2014-12-04,498,984,1097,1452,826,68.48
2014-12-05,499,980,1088,1282,818,68.0
2014-12-08,497,971,1081,1165,815,65.64
2014-12-09,497,969,1066,1075,818,66.11
2014-12-10,494,966,1047,979,824,63.32
2014-12-11,492,960,1026,879,835,63.65
2014-12-12,493,953,1001,763,842,61.67
2014-12-15,493,950,980,659,857,61.09
2014-12-16,495,947,961,617,871,60.26
2014-12-17,496,942,945,571,886,59.84
2014-12-18,496,932,929,517,888,58.81
2014-12-19,497,925,907,488,881,58.87
2014-12-22,495,917,891,480,877,58.31
2014-12-23,495,906,872,472,872,59.07
2014-12-24,495,897,856,474,862,58.67
2015-01-02,488,887,827,456,862,55.38
2015-01-05,482,884,811,442,885,51.08
2015-01-06,479,873,794,432,884,50.12
2015-01-07,466,861,780,397,884,49.06
2015-01-08,455,843,776,335,884,49.43
2015-01-09,446,820,764,311,895,47.64
2015-01-12,441,800,762,373,905,46.9
2015-01-13,435,778,766,537,914,45.13
2015-01-14,429,763,766,557,933,45.82
2015-01-15,425,752,766,585,937,47.66
2015-01-16,418,735,759,620,942,47.38
2015-01-19,415,716,751,662,950,47.38
2015-01-20,410,699,741,752,948,46.49
2015-01-21,402,684,725,971,953,46.5
2015-01-22,392,673,704,965,946,46.09
2015-01-23,380,659,685,887,934,46.69
2015-01-26,373,650,669,857,917,46.07
2015-01-27,364,642,648,831,889,46.55
2015-01-28,356,632,620,785,878,47.07
2015-01-29,348,618,550,725,870,46.61
2015-01-30,340,599,508,679,868,47.52
2015-02-02,332,585,480,665,863,51.74
2015-02-03,326,567,454,663,894,54.41
2015-02-04,321,556,437,669,904,55.07
2015-02-05,309,545,428,680,910,55.98
2015-02-06,301,538,430,689,922,55.88
2015-02-09,295,530,434,687,920,57.0
2015-02-10,289,523,446,711,900,55.79
2015-02-11,281,516,469,700,886,53.48
2015-02-12,273,508,489,652,870,56.23
2015-02-13,268,496,499,630,867,60.33
2015-02-16,263,486,505,614,863,61.57
2015-02-17,261,480,508,589,853,60.78
2015-02-18,260,480,514,564,841,60.72
2015-02-19,267,478,516,539,845,58.78
2015-02-20,270,483,514,542,841,60.99
2015-02-23,266,490,512,543,840,59.78
2015-02-24,274,492,514,534,838,60.33
2015-02-25,289,490,519,529,838,59.77
2015-02-26,300,496,531,525,838,61.39
2015-02-27,308,506,540,521,837,61.89
2015-03-02,318,515,551,516,841,60.75
2015-03-03,327,528,564,490,835,61.18
2015-03-04,338,541,576,478,835,59.18
2015-03-05,348,550,583,464,844,60.33
2015-03-06,352,560,587,470,851,59.15
2015-03-09,356,566,590,468,848,58.67
2015-03-10,357,573,591,457,837,55.95
2015-03-11,361,580,588,431,827,56.46
2015-03-12,364,589,586,394,818,56.66
2015-03-13,368,596,585,378,816,54.8
2015-03-16,370,606,588,372,812,52.0
2015-03-17,375,611,595,366,809,52.17
2015-03-18,378,616,604,357,796,52.59
2015-03-19,383,623,613,407,783,52.96
2015-03-20,384,627,617,423,772,53.88
2015-03-23,386,635,617,435,769,53.82
2015-03-24,388,640,609,448,786,53.61
2015-03-25,390,645,602,455,803,54.18
2015-03-26,390,648,599,456,813,57.02
2015-03-27,390,648,597,456,811,56.44
2015-03-30,393,647,600,460,801,53.99
2015-03-31,392,649,598,475,792,53.69
2015-04-01,389,650,596,463,809,55.73
2015-04-02,386,646,589,454,804,55.73
2015-04-07,385,636,584,448,795,57.55
2015-04-08,382,631,585,450,776,56.42
2015-04-09,379,624,591,461,764,56.04
2015-04-10,373,617,600,466,771,56.82
2015-04-13,369,613,609,460,772,57.14
2015-04-14,366,609,619,470,778,57.69
2015-04-15,362,608,626,494,790,59.32
2015-04-16,360,608,636,521,798,60.13
2015-04-17,358,612,642,532,800,61.31
2015-04-20,357,619,646,537,799,61.2
2015-04-21,355,618,659,549,805,60.12
2015-04-22,355,619,669,544,801,60.12
2015-04-23,351,620,680,543,792,62.66
2015-04-24,348,621,685,545,784,62.96
2015-04-27,347,624,687,546,778,62.86
2015-04-28,346,626,685,551,773,62.61
2015-04-29,345,628,673,558,772,63.97
2015-04-30,343,627,658,565,768,63.9
2015-05-01,340,625,647,574,754,64.13
2015-05-05,335,621,633,571,749,65.44
2015-05-06,332,618,618,574,745,66.22
2015-05-07,331,618,603,594,741,64.93
2015-05-08,329,618,594,616,744,63.82
2015-05-11,328,618,586,660,753,62.82
2015-05-12,327,617,583,731,746,65.09
2015-05-13,326,619,584,942,748,66.33
2015-05-14,326,624,580,972,761,65.58
2015-05-15,327,626,579,954,806,64.69
2015-05-18,326,628,578,950,829,65.15
2015-05-19,325,626,574,923,846,63.48
2015-05-20,326,625,565,889,892,63.52
2015-05-21,327,623,556,844,938,64.7
2015-05-22,327,624,549,816,918,64.7
2015-05-26,327,627,540,806,901,61.65
2015-05-27,327,631,530,823,883,61.35
2015-05-28,328,635,525,817,868,60.12
2015-05-29,331,642,524,810,865,63.16
2015-06-01,332,647,522,804,856,62.87
2015-06-02,332,652,528,821,848,63.14
2015-06-03,332,653,544,821,848,62.78
2015-06-04,333,654,570,818,859,60.34
2015-06-05,332,654,596,865,863,60.36
2015-06-08,331,656,608,856,874,61.33
2015-06-09,331,655,630,834,887,63.23
2015-06-10,333,654,662,816,914,64.68
2015-06-11,336,661,696,810,910,63.76
2015-06-12,338,669,719,820,908,63.19
2015-06-15,341,678,742,840,917,60.99
2015-06-16,345,685,772,904,917,60.75
2015-06-17,349,695,817,1045,931,60.75
2015-06-18,351,706,847,1234,969,61.37
2015-06-19,355,715,851,1241,1011,59.41
2015-06-22,355,721,845,1248,1025,60.54
2015-06-23,358,722,834,1300,1046,61.67
2015-06-24,359,721,829,1428,1070,61.63
2015-06-25,361,723,827,1432,1066,60.24
2015-06-26,362,723,833,1393,1054,60.14
2015-06-29,361,723,838,1346,1026,59.03
2015-06-30,361,722,845,1292,989,60.31
2015-07-01,360,715,858,1251,972,61.65
2015-07-02,360,713,883,1226,952,61.73
2015-07-03,361,712,908,1249,936,59.06
2015-07-06,362,716,927,1266,916,57.19
2015-07-07,367,723,945,1285,903,54.72
2015-07-08,373,742,973,1278,888,55.7
2015-07-09,377,750,1016,1279,870,57.83
2015-07-10,384,759,1052,1318,857,57.72
2015-07-13,391,767,1076,1389,835,57.63
2015-07-14,399,774,1096,1394,827,57.2
2015-07-15,409,784,1122,1462,820,57.34
2015-07-16,417,801,1149,1611,824,57.31
2015-07-17,427,823,1162,1712,840,56.38
2015-07-20,431,846,1170,1763,846,56.42
2015-07-21,432,862,1179,1935,854,55.94
2015-07-22,433,875,1179,1952,849,56.36
2015-07-23,431,889,1161,1924,826,55.76
2015-07-24,428,896,1137,1896,817,54.29
2015-07-27,427,899,1115,1935,813,54.07
2015-07-28,425,903,1095,1990,803,54.3
2015-07-29,423,903,1069,2103,792,54.73
2015-07-30,422,898,1044,2116,776,54.29
2015-07-31,423,892,1023,2209,763,53.29
2015-08-03,424,899,1006,2308,755,49.49
2015-08-04,425,900,1001,2512,742,49.08
2015-08-05,427,899,1005,2604,735,49.04
2015-08-06,432,901,1013,2514,726,47.8
2015-08-07,438,904,1021,2512,713,47.54
2015-08-10,443,904,1028,2499,708,48.3
2015-08-11,446,901,1043,2367,694,47.33
2015-08-12,447,900,1053,2107,677,48.29
2015-08-13,448,899,1054,1875,673,48.01
2015-08-14,449,901,1057,1884,673,47.79
2015-08-17,449,905,1057,1913,668,47.77
2015-08-18,449,908,1052,1838,665,47.0
2015-08-19,453,915,1049,1773,654,45.75
2015-08-20,460,920,1052,1679,644,45.63
2015-08-21,464,924,1054,1559,632,43.84
2015-08-24,469,930,1052,1403,622,41.59
2015-08-25,473,933,1047,1248,611,41.86
2015-08-26,477,934,1031,1089,601,41.76
2015-08-27,479,933,1000,1051,595,44.46
2015-08-28,480,931,974,1071,593,47.97
2015-09-01,480,925,949,1176,598,48.8
2015-09-02,481,912,912,1194,609,47.67
2015-09-03,483,896,870,1195,616,50.41
2015-09-04,485,882,837,1187,628,48.59
2015-09-07,482,870,812,1243,633,46.42
2015-09-08,477,857,793,1286,640,48.88
2015-09-09,472,848,776,1256,639,48.04
2015-09-10,468,838,751,1202,642,47.77
2015-09-11,460,824,735,1198,640,46.87
2015-09-14,452,810,723,1185,635,45.87
2015-09-15,445,799,720,1196,629,45.91
2015-09-16,439,789,716,1264,626,49.35
2015-09-17,431,783,727,1637,639,48.27
2015-09-18,426,772,753,1995,658,47.28
2015-09-21,421,762,769,2096,666,47.64
2015-09-22,417,757,769,1873,671,46.69
2015-09-23,414,749,761,1872,674,48.0
2015-09-24,411,742,751,1911,697,47.06
2015-09-25,408,738,744,2024,705,47.28
2015-09-28,402,733,738,2075,706,46.04
2015-09-29,400,724,725,2031,703,47.58
2015-09-30,398,713,712,1936,698,47.29
2015-10-01,396,703,704,1911,715,47.48
2015-10-02,392,695,701,1931,725,46.55
2015-10-05,390,691,699,1901,745,49.45
2015-10-06,386,688,700,1860,754,51.34
2015-10-07,384,681,709,1742,774,51.66
2015-10-08,382,676,736,1598,786,52.13
2015-10-09,380,672,761,1549,790,52.08
2015-10-12,380,669,768,1551,783,50.95
2015-10-13,379,666,770,1531,778,48.94
2015-10-14,379,664,761,1457,769,48.25
2015-10-15,378,662,742,1368,771,47.87
2015-10-16,376,661,722,1318,772,48.96
2015-10-19,371,658,710,1312,771,47.51
2015-10-20,368,656,701,1399,756,46.93
2015-10-21,366,654,693,1483,751,46.72
2015-10-22,365,652,685,1512,749,46.59
2015-10-23,362,649,683,1461,739,46.3
2015-10-26,360,648,681,1403,739,46.57
2015-10-27,356,646,686,1307,737,45.54
2015-10-28,354,645,687,1275,756,47.6
2015-10-29,351,643,682,1254,744,48.04
2015-10-30,349,633,675,1229,750,48.0
2015-11-02,347,629,665,1184,788,47.91
2015-11-03,339,620,653,1099,816,48.0
2015-11-04,333,609,636,1043,823,46.96
2015-11-05,328,596,618,1002,822,47.19
2015-11-06,323,584,603,1003,822,46.09
2015-11-09,319,571,589,1021,828,45.38
2015-11-10,316,562,575,1018,831,46.44
2015-11-11,311,554,555,946,835,44.98
2015-11-12,307,543,534,881,852,44.98
2015-11-13,304,533,514,809,853,41.98
2015-11-16,302,523,500,770,861,40.28
2015-11-17,296,516,487,733,863,41.28
2015-11-18,292,504,477,671,871,41.45
2015-11-19,290,491,468,619,879,42.22
2015-11-20,288,479,463,606,883,42.49
2015-11-23,286,472,461,698,887,43.7
2015-11-24,285,469,460,731,888,44.38
2015-11-25,285,467,463,807,890,43.56
2015-11-26,284,467,459,898,891,43.55
2015-11-27,283,467,456,989,899,43.07
2015-11-30,285,467,453,1007,904,43.73
2015-12-01,286,469,450,1046,907,42.97
2015-12-02,286,471,446,1001,926,41.92
2015-12-03,286,472,438,931,953,42.0
2015-12-04,286,470,433,890,962,41.44
2015-12-07,286,469,426,852,962,39.69
2015-12-08,286,465,420,870,962,39.44
2015-12-09,286,461,412,857,956,39.04
2015-12-10,285,460,408,824,943,38.65
2015-12-11,282,455,410,779,920,36.99
2015-12-14,279,451,410,722,920,36.51
2015-12-15,276,450,411,623,904,37.66
2015-12-16,275,449,415,549,897,36.96
2015-12-17,274,448,421,524,898,36.29
2015-12-18,273,448,426,524,897,36.76
2015-12-21,273,449,433,512,897,35.34
2015-12-22,271,449,445,485,889,35.26
2015-12-23,270,449,457,469,879,35.79
2015-12-24,270,450,462,470,873,37.22
2016-01-04,267,450,464,472,869,36.28
2016-01-05,266,449,466,462,1065,35.56
2016-01-06,263,445,464,467,1057,33.89
2016-01-07,259,442,450,399,1051,33.57
2016-01-08,256,436,434,343,1043,31.67
2016-01-11,251,430,420,314,1016,30.14
2016-01-12,250,422,411,266,988,29.14
2016-01-13,250,416,399,245,957,28.58
2016-01-14,247,412,388,225,929,28.84
2016-01-15,245,402,381,198,906,28.8
2016-01-18,243,394,375,197,897,27.36
2016-01-19,240,388,369,185,882,27.36
2016-01-20,238,381,360,186,882,26.01
2016-01-21,237,372,346,206,876,27.59
2016-01-22,233,366,334,229,870,30.46
2016-01-25,231,358,325,254,859,29.82
2016-01-26,229,350,312,242,838,30.94
2016-01-27,225,338,303,235,820,31.83
2016-01-28,222,327,293,216,812,33.01
2016-01-29,219,316,287,211,806,33.14
2016-02-01,216,304,282,217,817,32.45
2016-02-02,212,299,282,217,815,30.98
2016-02-03,203,289,284,209,808,32.38
2016-02-04,197,280,289,208,802,32.76
2016-02-05,194,271,295,212,800,32.35
2016-02-08,190,262,298,207,795,31.64
2016-02-09,188,255,297,207,791,30.15
2016-02-10,186,250,301,208,787,29.64
2016-02-11,184,247,312,206,793,28.82
2016-02-12,183,244,324,199,813,31.8
2016-02-15,183,243,334,204,819,31.8
2016-02-16,184,247,346,223,816,31.09
2016-02-17,186,252,357,223,809,33.21
2016-02-18,193,259,358,220,807,33.2
2016-02-19,198,270,355,207,806,31.66
2016-02-22,200,286,350,197,799,33.59
2016-02-23,203,298,346,189,788,31.9
2016-02-24,206,310,346,186,779,31.5
2016-02-25,209,321,346,182,767,32.83
2016-02-26,212,328,352,177,751,35.76
2016-02-29,214,333,354,174,740,35.92
2016-03-01,217,339,357,174,730,35.73
2016-03-02,220,345,364,171,722,36.38
2016-03-03,227,350,374,166,717,35.75
2016-03-04,232,363,386,164,715,37.61
2016-03-07,237,371,397,161,720,39.02
2016-03-08,240,377,422,180,738,39.16
2016-03-09,243,386,447,178,756,40.26
2016-03-10,246,399,466,178,771,38.63
2016-03-11,249,412,477,176,794,39.41
2016-03-14,252,420,481,179,833,38.06
2016-03-15,255,427,481,186,861,37.49
2016-03-16,257,432,474,172,870,38.38
2016-03-17,258,439,467,178,865,39.29
2016-03-18,260,445,463,197,872,39.26
2016-03-21,262,449,459,197,866,39.91
2016-03-22,264,460,455,186,848,40.54
2016-03-23,266,464,458,196,819,38.84
2016-03-24,268,468,466,203,803,38.33
2016-03-29,270,473,471,207,809,36.75
2016-03-30,271,474,484,210,818,36.75
2016-03-31,272,475,501,270,837,36.75
2016-04-01,272,476,535,345,840,36.42
2016-04-04,274,476,563,424,833,36.05
2016-04-05,275,479,596,466,808,35.88
2016-04-06,278,479,619,477,786,37.77
2016-04-07,280,482,627,562,774,37.15
2016-04-08,286,485,643,656,752,40.71
2016-04-11,288,488,654,733,752,41.58
2016-04-12,290,492,666,744,755,43.02
2016-04-13,296,498,678,744,764,42.81
2016-04-14,309,506,700,831,782,43.02
2016-04-15,321,514,727,949,788,41.32
2016-04-18,328,525,740,1030,793,41.64
2016-04-19,334,529,746,1065,790,43.02
2016-04-20,342,534,747,1022,787,43.09
2016-04-21,348,543,743,1004,777,43.48
2016-04-22,354,551,736,1085,770,43.97
2016-04-25,356,558,727,1087,775,42.97
2016-04-26,358,562,718,1135,778,43.94
2016-04-27,362,564,704,1160,774,44.17
2016-04-28,365,573,685,1137,749,45.6
2016-04-29,367,578,667,1117,740,45.64
2016-05-03,368,582,640,1055,730,43.09
2016-05-04,365,583,621,954,717,43.08
2016-05-05,365,583,607,915,716,44.39
2016-05-06,359,582,591,892,713,44.6
2016-05-09,355,578,584,837,715,42.43
2016-05-10,352,575,581,752,715,44.01
2016-05-11,349,567,583,713,735,46.08
2016-05-12,347,560,589,724,735,46.43
2016-05-13,347,555,597,798,732,47.05
2016-05-16,347,553,598,854,732,48.49
2016-05-17,345,552,604,988,734,48.71
2016-05-18,342,552,611,954,736,48.93
2016-05-19,342,553,617,906,740,47.01
2016-05-20,343,558,614,870,747,48.54
2016-05-23,344,562,611,870,744,47.77
2016-05-24,345,565,608,848,731,48.42
2016-05-25,346,568,596,799,716,48.87
2016-05-26,347,571,586,793,723,49.52
2016-05-27,347,575,582,830,728,49.09
2016-05-31,351,579,574,854,735,49.26
2016-06-01,355,580,568,861,753,48.81
2016-06-02,354,578,560,854,762,49.05
2016-06-03,349,575,550,913,765,48.5
2016-06-06,345,574,544,922,759,48.94
2016-06-07,344,570,542,920,754,49.76
2016-06-08,338,567,540,973,739,50.73
2016-06-09,332,564,543,995,741,50.59
2016-06-10,327,560,543,1006,736,49.7
2016-06-13,322,557,542,1014,730,49.36
2016-06-14,317,554,543,1018,713,47.88
2016-06-15,315,552,545,1000,705,47.47
2016-06-16,314,552,545,976,712,45.66
2016-06-17,311,554,546,927,714,46.57
2016-06-20,312,555,546,897,718,48.68
2016-06-21,315,559,548,873,711,48.18
2016-06-22,318,563,556,878,705,48.43
2016-06-23,322,570,569,897,710,48.63
2016-06-24,329,577,585,913,713,46.69
2016-06-27,331,583,601,919,714,45.07
2016-06-28,336,587,618,936,703,46.29
2016-06-29,338,593,634,955,695,48.4
2016-06-30,342,606,662,996,694,48.05
2016-07-01,344,619,691,1030,691,47.65
2016-07-04,347,627,710,1049,686,48.02
2016-07-05,349,633,735,1034,679,45.64
2016-07-06,349,637,755,1019,673,45.7
2016-07-07,352,639,779,1008,672,45.93
2016-07-08,354,644,792,1002,669,44.53
2016-07-11,356,647,799,991,666,44.04
2016-07-12,358,651,809,987,654,46.72
2016-07-13,360,666,819,1010,639,44.67
2016-07-14,361,679,842,1020,628,46.01
2016-07-15,363,686,863,1023,620,46.25
2016-07-18,366,693,874,1016,612,45.35
2016-07-19,371,697,879,986,604,45.7
2016-07-20,376,700,872,937,599,45.82
2016-07-21,379,702,850,906,592,44.99
2016-07-22,383,701,827,895,589,44.24
2016-07-25,386,698,806,877,582,43.76
2016-07-26,390,697,784,841,579,43.56
2016-07-27,392,690,752,803,567,42.78
2016-07-28,396,684,719,780,559,41.87
2016-07-29,399,676,692,768,550,40.76
2016-08-01,401,671,673,757,541,40.17
2016-08-02,400,667,658,757,532,40.0
2016-08-03,397,663,648,758,523,40.45
2016-08-04,395,660,641,759,515,41.33
2016-08-05,394,654,640,770,509,42.47
2016-08-08,392,647,638,777,509,43.24
2016-08-09,389,645,642,770,505,43.37
2016-08-10,391,642,659,795,504,42.19
2016-08-11,394,639,687,833,500,44.23
2016-08-12,396,640,703,891,497,45.12
2016-08-15,399,643,713,920,496,47.31
2016-08-16,403,646,721,926,497,48.27
2016-08-17,405,652,726,885,497,48.58
2016-08-18,407,666,727,852,500,49.46
2016-08-19,412,677,727,843,501,49.39
2016-08-22,416,686,721,848,504,48.1
2016-08-23,420,694,714,861,506,48.7
2016-08-24,425,702,706,910,505,47.56
2016-08-25,428,712,700,974,512,49.25
2016-08-26,431,715,687,1001,515,49.66
2016-08-30,432,719,674,986,515,47.94
2016-08-31,432,721,660,978,510,47.94
2016-09-01,433,723,652,1002,515,45.05
2016-09-02,432,721,644,1054,514,45.96
2016-09-05,429,718,640,1079,516,46.72
2016-09-06,425,714,641,1182,517,46.21
2016-09-07,422,702,648,1371,528,47.0
2016-09-08,420,694,655,1478,537,49.23
2016-09-09,419,688,658,1566,536,48.37
2016-09-12,417,681,659,1581,542,47.82
2016-09-13,415,671,656,1607,543,46.48
2016-09-14,415,665,649,1444,548,45.65
2016-09-15,415,661,645,1487,549,45.83
2016-09-16,415,660,646,1680,555,45.26
2016-09-19,416,661,650,1853,561,46.04
2016-09-20,417,660,657,1964,566,45.24
2016-09-21,418,662,673,2118,588,45.99
2016-09-22,420,688,700,2389,602,47.21
2016-09-23,421,671,722,2383,606,46.71
2016-09-26,422,673,739,2325,611,46.61
2016-09-27,422,674,750,2298,618,44.95
2016-09-28,422,676,751,2196,638,45.49
2016-09-29,422,676,741,2067,644,48.43
2016-09-30,421,679,726,2008,638,48.24
2016-10-03,419,681,713,1971,625,48.61
2016-10-04,417,681,705,1970,622,48.81
2016-10-05,415,680,699,2012,616,49.57
2016-10-06,413,678,704,2218,613,50.14
2016-10-07,411,677,717,2245,619,50.49
2016-10-10,410,677,729,2235,621,51.54
2016-10-11,409,676,745,2235,626,50.48
2016-10-12,408,674,763,2154,633,49.53
2016-10-13,410,673,790,2018,641,49.29
2016-10-14,411,674,819,2018,657,48.87
2016-10-17,413,676,838,2003,673,49.31
2016-10-18,417,678,860,1950,674,49.81
2016-10-19,421,682,885,1826,681,51.85
2016-10-20,424,691,905,1637,686,50.42
2016-10-21,427,700,915,1575,692,50.28
2016-10-24,428,705,923,1471,691,49.8
2016-10-25,430,710,925,1348,680,49.08
2016-10-26,430,714,925,1275,667,48.98
2016-10-27,432,719,921,1248,658,49.13
2016-10-28,433,722,913,1417,657,47.78
2016-10-31,435,722,905,1534,660,46.2
2016-11-01,436,721,895,1443,656,45.77
2016-11-02,434,718,885,1451,655,44.26
2016-11-03,434,718,886,1544,670,43.84
2016-11-04,433,716,885,1593,667,43.06
2016-11-07,431,712,889,1636,665,42.83
2016-11-08,431,708,903,1786,659,43.47
2016-11-09,429,703,927,1954,661,43.88
2016-11-10,430,703,956,2010,682,43.67
2016-11-11,428,705,1011,2303,744,41.61
2016-11-14,433,707,1058,2338,750,41.83
2016-11-15,436,713,1162,2282,740,44.15
2016-11-16,443,722,1263,2441,740,45.07
2016-11-17,454,748,1353,2731,786,44.57
2016-11-18,466,809,1388,2752,831,44.41
2016-11-21,477,835,1387,2638,828,45.96
2016-11-22,485,852,1382,2598,834,46.1
2016-11-23,501,874,1387,2507,862,46.54
2016-11-24,512,897,1385,2374,870,47.54
2016-11-25,520,908,1389,2263,886,46.32
2016-11-28,527,904,1400,2260,892,46.64
2016-11-29,532,908,1424,2304,896,44.68
2016-11-30,537,912,1465,2263,895,47.95
2016-12-01,541,917,1486,2206,891,52.28
2016-12-02,543,921,1508,2193,878,52.35
2016-12-05,548,929,1541,2137,889,53.3
2016-12-06,552,934,1563,2067,887,52.31
2016-12-07,557,941,1565,1935,863,51.9
2016-12-08,562,957,1547,1724,868,51.6
2016-12-09,567,966,1508,1575,889,52.19
2016-12-12,576,968,1469,1464,903,53.99
2016-12-13,584,972,1419,1404,887,53.28
2016-12-14,590,975,1332,1169,889,53.15
2016-12-15,596,968,1234,1058,895,51.72
2016-12-16,600,960,1126,1048,909,54.15
2016-12-19,605,953,1037,1039,911,53.53
2016-12-20,605,941,976,1044,910,54.56
2016-12-21,604,926,905,1144,920,53.01
2016-12-22,601,914,866,1219,945,54.04
2016-12-23,597,903,852,1385,936,53.93
2017-01-03,559,843,811,1538,919,55.05
2017-01-04,539,820,807,1674,1088,54.57
2017-01-05,521,795,837,1759,1053,54.99
2017-01-06,508,783,892,1658,1024,55.9
2017-01-09,498,772,927,1598,1026,54.39
2017-01-10,489,766,973,1470,1013,53.2
2017-01-11,477,758,1021,1326,1017,53.61
2017-01-12,466,748,1038,1294,1018,54.51
2017-01-13,459,739,1042,1383,1024,54.37
2017-01-16,455,733,1039,1468,1027,54.3
2017-01-17,451,730,1019,1509,1018,54.68
2017-01-18,448,725,998,1673,1001,53.77
2017-01-19,446,722,981,1665,1006,53.18
2017-01-20,441,718,970,1610,1002,55.04
2017-01-23,437,714,962,1579,997,54.8
2017-01-24,432,708,964,1466,995,54.7
2017-01-25,428,702,972,1369,987,54.34
2017-01-26,424,696,973,1287,977,55.89
2017-01-27,419,692,968,1239,965,54.8
2017-01-30,415,688,964,1205,946,54.77
2017-01-31,402,679,951,1167,930,55.25
2017-02-01,395,674,933,1122,901,55.79
2017-02-02,386,670,926,1064,877,55.94
2017-02-03,382,667,922,981,864,55.92
2017-02-06,377,665,922,911,858,55.02
2017-02-07,375,663,931,803,856,53.79
2017-02-08,378,665,934,725,846,54.42
2017-02-09,377,668,940,728,842,53.98
2017-02-10,377,672,943,687,846,55.2
2017-02-13,376,676,944,609,847,54.15
2017-02-14,379,681,939,567,851,54.96
2017-02-15,382,689,933,556,862,54.57
2017-02-16,387,707,923,620,850,54.16
2017-02-17,391,729,917,739,869,54.48
2017-02-20,396,747,909,791,863,55.25
2017-02-21,402,764,906,856,859,56.34
2017-02-22,410,783,908,951,857,54.9
2017-02-23,420,797,927,1134,852,55.82
2017-02-24,428,809,947,1165,856,54.69
2017-02-27,436,817,966,1151,857,54.65
2017-02-28,444,825,995,1021,847,53.36
2017-03-01,451,833,1041,994,835,55.72
2017-03-02,457,840,1084,1097,831,54.16
2017-03-03,462,846,1118,1227,837,54.12
2017-03-06,468,852,1154,1345,841,54.73
2017-03-07,477,861,1194,1556,838,54.61
2017-03-08,485,868,1220,1578,839,53.3
2017-03-09,491,872,1220,1678,859,50.65
2017-03-10,495,874,1211,1789,862,50.63
2017-03-13,499,875,1207,1843,850,50.1
2017-03-14,502,877,1185,1929,850,49.6
2017-03-15,505,877,1150,2136,847,50.63
2017-03-16,508,877,1129,2265,835,50.56
2017-03-17,508,879,1108,2413,832,50.58
2017-03-20,510,884,1103,2466,824,50.67
2017-03-21,512,886,1101,2441,824,50.14
2017-03-22,516,888,1119,2378,826,49.56
2017-03-23,521,892,1170,2345,816,50.17
2017-03-24,526,896,1218,2482,812,49.97
2017-03-27,530,895,1253,2620,804,50.12
2017-03-28,535,893,1306,2765,799,50.72
2017-03-29,538,885,1346,2755,802,51.36
2017-03-30,539,882,1366,2690,800,52.25
2017-03-31,540,881,1374,2597,794,52.2
2017-04-03,541,882,1379,2518,790,52.04
2017-04-04,542,881,1377,2382,781,53.08
2017-04-05,543,880,1371,2229,778,53.41
2017-04-06,545,882,1387,2184,773,53.62
2017-04-07,547,886,1427,2173,777,54.24
2017-04-10,549,888,1466,2165,775,54.79
2017-04-11,552,891,1533,2227,776,54.73
2017-04-12,554,893,1583,2252,776,54.75
2017-04-13,560,899,1611,2249,790,55.05
2017-04-18,563,898,1621,2220,800,52.6
2017-04-19,568,900,1612,2130,814,52.43
2017-04-20,572,899,1553,1991,819,50.66
2017-04-21,575,895,1494,1830,819,49.93
2017-04-24,577,892,1429,1780,812,49.45
2017-04-25,577,887,1371,1767,812,49.37
2017-04-26,576,881,1320,1790,802,49.99
2017-04-27,569,870,1260,1798,797,49.46
2017-04-28,559,861,1187,1779,786,49.46
2017-05-02,550,849,1140,1668,785,49.31
2017-05-03,540,835,1096,1542,778,48.82
2017-05-04,532,822,1048,1458,767,47.53
2017-05-05,523,811,1023,1480,768,47.45
2017-05-08,517,799,1009,1571,774,46.61
2017-05-09,512,794,1007,1635,775,47.06
2017-05-10,510,790,1011,1645,772,48.09
2017-05-11,510,787,1006,1695,763,49.18
2017-05-12,509,784,992,1725,748,49.08
2017-05-15,508,782,978,1661,741,51.29
2017-05-16,507,778,956,1632,742,51.21
2017-05-17,505,771,925,1590,737,51.76
2017-05-18,504,764,894,1638,757,51.71
2017-05-19,502,759,870,1668,765,52.78
2017-05-22,496,753,854,1704,785,53.35
2017-05-23,486,746,850,1706,799,53.19
2017-05-24,478,737,849,1654,821,53.29
2017-05-25,473,728,848,1595,825,52.25
2017-05-26,469,721,845,1591,814,50.84
2017-05-30,461,712,842,1564,807,50.65
2017-05-31,455,698,829,1511,785,49.4
2017-06-01,449,685,810,1430,768,50.41
2017-06-02,446,674,792,1374,756,48.46
2017-06-05,441,666,789,1353,742,48.25
2017-06-06,434,658,783,1366,733,48.11
2017-06-07,429,652,783,1379,718,47.08
2017-06-08,425,649,793,1381,708,46.3
2017-06-09,425,654,813,1438,705,46.64
2017-06-12,424,658,833,1481,702,47.18
2017-06-13,424,665,865,1442,700,46.95
2017-06-14,427,679,903,1362,699,45.47
2017-06-15,431,690,938,1277,705,45.61
2017-06-16,435,701,964,1213,704,45.7
2017-06-19,437,708,984,1169,702,45.93
2017-06-20,441,717,1017,1110,699,43.98
2017-06-21,445,724,1070,1020,690,44.62
2017-06-22,447,734,1109,993,688,44.46
2017-06-23,451,744,1138,987,686,44.14
2017-06-26,454,750,1145,1005,683,44.09
2017-06-27,458,757,1151,1066,681,46.17
2017-06-28,459,761,1150,1170,671,46.45
2017-06-29,464,758,1119,1146,670,47.02
2017-06-30,467,754,1091,1086,668,47.08
2017-07-03,468,751,1068,1032,663,49.13
2017-07-04,470,747,1062,997,659,49.15
2017-07-05,470,742,1060,901,656,47.58
2017-07-06,470,735,1063,818,656,48.53
2017-07-07,471,732,1062,753,647,46.47
2017-07-10,474,729,1061,730,649,46.57
2017-07-11,477,733,1069,755,651,46.68
2017-07-12,480,744,1098,846,651,46.73
2017-07-13,484,758,1141,928,647,47.65
2017-07-14,486,769,1173,933,644,47.89
2017-07-17,489,776,1202,933,644,47.66
2017-07-18,492,786,1226,984,648,47.92
2017-07-19,495,798,1252,1028,643,48.34
2017-07-20,497,807,1260,1093,642,48.54
2017-07-21,499,812,1258,1154,649,47.47
2017-07-24,500,814,1248,1171,655,47.81
2017-07-25,500,813,1225,1221,649,49.19
2017-07-26,500,807,1192,1206,646,50.08
2017-07-27,500,798,1146,1138,647,50.67
2017-07-28,498,789,1109,1139,644,52.0
2017-07-31,496,783,1095,1225,640,51.99
2017-08-01,492,779,1098,1331,639,50.77
2017-08-02,488,772,1118,1475,632,52.09
2017-08-03,482,767,1143,1602,632,52.88
2017-08-04,478,764,1153,1637,628,52.48
2017-08-07,475,762,1158,1655,619,51.42
2017-08-08,472,759,1170,1659,614,52.18
2017-08-09,467,756,1192,1702,616,52.16
2017-08-10,466,756,1228,1837,618,52.59
2017-08-11,466,759,1256,2013,620,51.47
2017-08-14,465,760,1272,2093,621,51.29
2017-08-15,464,765,1289,2155,618,49.9
2017-08-16,464,776,1310,2324,617,50.39
2017-08-17,465,791,1336,2542,620,50.37
2017-08-18,465,806,1345,2574,618,50.96
2017-08-21,466,817,1349,2584,621,51.94
2017-08-22,468,824,1345,2489,622,52.29
2017-08-23,470,833,1311,2382,621,52.31
2017-08-24,473,840,1259,2333,620,51.73
2017-08-25,474,845,1235,2406,627,51.87
2017-08-29,477,848,1215,2381,643,51.64
2017-08-30,482,851,1195,2282,659,51.91
2017-08-31,486,853,1189,2293,667,52.69
2017-09-01,486,856,1198,2264,677,53.15
2017-09-04,487,860,1227,2243,682,52.6
2017-09-05,491,863,1275,2313,691,53.63
2017-09-06,494,868,1314,2438,698,54.48
2017-09-07,499,875,1351,2614,699,54.16
2017-09-08,504,888,1375,2767,701,54.55
2017-09-11,509,898,1394,2813,707,54.2
2017-09-12,513,908,1429,2724,715,55.06
2017-09-13,520,923,1464,2628,725,55.52
2017-09-14,529,950,1499,2642,732,56.76
2017-09-15,536,977,1521,2685,739,56.18
2017-09-18,551,997,1529,2681,744,55.5
2017-09-19,562,1017,1536,2723,744,56.58
2017-09-20,576,1033,1531,2861,740,57.2
2017-09-21,586,1050,1514,2948,751,57.73
2017-09-22,596,1061,1493,3147,760,58.16
2017-09-25,602,1068,1474,3173,772,59.42
2017-09-26,607,1065,1446,3101,781,59.77
2017-09-27,613,1054,1406,2942,780,58.74
2017-09-28,616,1041,1352,2824,783,58.8
2017-09-29,616,1021,1308,2738,782,57.02
2017-10-02,614,1006,1268,2671,776,55.67
2017-10-03,612,984,1247,2618,775,56.12
2017-10-04,609,968,1276,2667,758,56.0
2017-10-05,607,965,1345,2888,760,57.09
2017-10-06,610,971,1406,2929,766,55.5
2017-10-09,613,978,1438,2906,776,55.29
2017-10-10,618,996,1465,2894,783,56.62
2017-10-11,623,1020,1504,2882,818,56.13
2017-10-12,635,1050,1556,2859,856,56.13
2017-10-13,649,1069,1606,2871,870,56.86
2017-10-16,656,1082,1637,2980,903,57.49
2017-10-17,663,1094,1651,3079,913,57.63
2017-10-18,666,1105,1646,3134,916,58.05
2017-10-19,673,1116,1648,3186,907,57.82
2017-10-20,679,1126,1643,3145,902,57.89
2017-10-23,683,1128,1642,3187,896,57.69
2017-10-24,687,1130,1626,3202,899,57.84
2017-10-25,690,1129,1592,3202,901,58.45
2017-10-26,688,1117,1553,3182,912,58.75
2017-10-27,687,1100,1517,3220,920,60.15
2017-10-30,685,1081,1498,3217,914,60.65
2017-10-31,679,1060,1492,3219,904,61.35
2017-11-01,673,1043,1503,3137,871,60.98
2017-11-02,668,1027,1539,3059,867,60.79
2017-11-03,664,1014,1562,3036,855,61.42
2017-11-06,661,1001,1567,3044,843,64.27
2017-11-07,658,988,1558,3101,820,64.36
2017-11-08,654,961,1515,3259,814,63.96
2017-11-09,648,936,1468,3349,807,64.49
2017-11-10,644,912,1418,3360,802,64.35
2017-11-13,642,888,1387,3351,803,62.94
2017-11-14,640,872,1346,3209,796,60.91
2017-11-15,637,858,1320,3108,790,61.25
2017-11-16,634,849,1298,3084,787,61.18
2017-11-17,630,845,1285,3153,790,61.34
2017-11-20,628,850,1280,3214,809,61.34
2017-11-21,625,856,1275,3255,827,62.28
2017-11-22,624,875,1281,3298,827,62.92
2017-11-23,622,899,1284,3420,826,63.27
2017-11-24,620,914,1295,3453,820,63.58
2017-11-27,619,923,1299,3540,812,63.25
2017-11-28,620,929,1320,3659,798,63.56
2017-11-29,622,936,1368,3740,799,63.74
2017-11-30,623,941,1433,3848,794,63.53
2017-12-01,626,944,1494,4025,806,64.57
2017-12-04,626,944,1559,4129,820,63.45
2017-12-05,628,944,1571,4115,821,63.45
2017-12-06,629,945,1563,4126,822,62.25
2017-12-07,630,944,1564,4147,824,62.37
2017-12-08,631,943,1588,4193,823,63.86
2017-12-11,632,939,1624,4272,814,65.62
2017-12-12,633,942,1672,4293,814,64.96
2017-12-13,633,943,1718,4211,812,63.66
2017-12-14,635,944,1714,3936,812,63.72
2017-12-15,636,942,1677,3777,814,63.81
2017-12-18,637,943,1643,3656,815,64.45
2017-12-19,636,938,1593,3510,820,63.69
2017-12-20,632,933,1546,3216,824,64.43
2017-12-21,627,925,1445,3115,825,64.64
2017-12-22,625,914,1395,2830,831,64.61
2018-01-02,612,901,1340,2281,827,66.65
2018-01-03,607,894,1332,2426,700,67.85
2018-01-04,604,884,1365,2715,683,68.73
2018-01-05,600,884,1400,2791,676,68.01
2018-01-08,594,886,1424,2826,680,68.48
2018-01-09,592,889,1428,2820,682,69.08
2018-01-10,589,898,1404,2677,691,69.79
2018-01-11,587,902,1371,2384,685,70.36
2018-01-12,587,907,1348,2296,681,69.64
2018-01-15,585,908,1340,2231,684,70.31
2018-01-16,583,910,1329,2010,693,69.4
2018-01-17,581,910,1317,1743,717,69.19
2018-01-18,580,910,1311,1611,715,69.48
2018-01-19,584,911,1333,1493,707,68.56
2018-01-22,585,913,1362,1445,705,69.32
2018-01-23,586,911,1404,1525,702,69.81
2018-01-24,584,908,1456,1676,694,69.91
2018-01-25,581,904,1481,1752,691,71.08
2018-01-26,577,900,1492,1772,683,70.08
2018-01-29,573,895,1485,1784,682,68.41
2018-01-30,566,889,1450,1748,679,67.78
2018-01-31,558,884,1411,1613,670,67.78
2018-02-01,552,877,1378,1528,664,68.6
2018-02-02,547,872,1359,1470,661,67.45
2018-02-05,543,865,1339,1433,658,67.69
2018-02-06,538,857,1316,1519,654,66.75
2018-02-07,532,844,1293,1578,648,65.74
2018-02-08,529,833,1263,1662,648,64.26
2018-02-09,526,825,1250,1790,643,63.04
2018-02-12,520,819,1237,1824,642,62.2
2018-02-13,518,817,1228,1793,640,61.94
2018-02-14,516,823,1231,1721,637,62.29
2018-02-15,515,832,1251,1663,642,62.86
2018-02-16,515,837,1273,1608,649,64.3
2018-02-19,517,840,1294,1597,649,64.95
2018-02-20,519,847,1333,1678,645,64.68
2018-02-21,522,856,1388,1717,641,64.81
2018-02-22,529,871,1438,1725,640,66.12
2018-02-23,534,892,1481,1722,645,67.04
2018-02-26,538,919,1504,1680,646,67.96
2018-02-27,545,948,1513,1595,652,67.59
2018-02-28,557,973,1513,1560,658,66.08
2018-03-01,579,992,1505,1568,658,64.23
2018-03-02,586,1004,1500,1592,662,64.26
2018-03-05,590,1006,1502,1597,669,65.78
2018-03-06,595,1013,1528,1587,664,65.67
2018-03-07,599,1020,1553,1495,654,65.09
2018-03-08,607,1026,1590,1489,648,63.87
2018-03-09,611,1032,1615,1479,651,65.19
2018-03-12,615,1040,1624,1425,653,64.53
2018-03-13,617,1049,1623,1362,648,64.2
2018-03-14,622,1061,1623,1312,642,63.61
2018-03-15,626,1077,1619,1238,641,63.67
2018-03-16,627,1091,1618,1203,639,64.68
2018-03-19,629,1099,1621,1171,635,64.82
2018-03-20,630,1109,1615,1112,636,66.0
2018-03-21,634,1117,1606,1109,645,68.15
2018-03-22,639,1122,1593,1129,649,68.98
2018-03-23,641,1121,1587,1157,652,69.03
2018-03-26,645,1116,1575,1197,656,68.81
2018-03-27,648,1106,1552,1191,658,68.63
2018-03-28,650,1093,1520,1065,662,68.13
2018-03-29,652,1080,1495,1010,662,69.02
2018-04-03,650,1067,1455,924,661,69.02
2018-04-04,648,1056,1397,841,651,66.04
2018-04-05,644,1042,1343,809,648,66.54
2018-04-06,643,1032,1317,824,646,66.51
2018-04-09,638,1024,1315,854,643,68.19
2018-04-10,636,1016,1319,930,637,70.67
2018-04-11,634,1014,1325,940,631,72.74
2018-04-12,630,1014,1335,982,628,71.44
2018-04-13,628,1013,1351,1038,639,73.18
2018-04-16,626,1016,1359,1061,640,72.05
2018-04-17,626,1018,1353,1152,638,71.71
2018-04-18,626,1022,1329,1402,636,73.73
2018-04-19,623,1022,1306,1668,635,74.85
2018-04-20,621,1025,1289,1915,637,74.62
2018-04-23,621,1027,1281,2009,637,74.54
2018-04-24,617,1030,1269,2130,639,75.86
2018-04-25,614,1037,1264,2314,637,73.79
2018-04-26,610,1040,1272,2306,639,75.39
2018-04-27,605,1042,1275,2251,648,75.33
2018-04-30,603,1045,1276,2173,655,75.92
2018-05-01,601,1043,1271,2136,656,74.85
2018-05-02,597,1043,1271,2197,655,73.14
2018-05-03,591,1047,1266,2308,647,73.45
2018-05-04,589,1050,1265,2337,648,74.75
2018-05-08,585,1051,1257,2482,650,74.16
2018-05-09,585,1048,1253,2616,655,77.6
2018-05-10,584,1052,1246,2565,656,77.59
2018-05-11,584,1053,1245,2630,656,77.37
2018-05-14,585,1055,1240,2635,657,78.17
2018-05-15,586,1053,1237,2602,656,78.94
2018-05-16,587,1056,1237,2407,667,78.19
2018-05-17,589,1064,1239,2106,681,80.09
2018-05-18,590,1069,1241,2053,692,78.38
2018-05-21,591,1071,1243,1957,714,78.34
2018-05-22,590,1074,1239,1854,729,80.42
2018-05-23,591,1074,1222,1759,748,78.69
2018-05-24,590,1074,1202,1551,761,78.9
2018-05-25,587,1071,1187,1395,776,76.6
2018-05-29,586,1068,1163,1324,781,74.51
2018-05-30,584,1064,1149,1276,779,75.89
2018-05-31,583,1063,1160,1401,768,76.45
2018-06-01,583,1061,1192,1602,754,74.54
2018-06-04,583,1061,1217,1712,754,73.41
2018-06-05,584,1065,1250,1835,749,72.91
2018-06-06,583,1065,1290,2088,745,73.23
2018-06-07,583,1072,1344,2220,735,75.23
2018-06-08,584,1075,1418,2151,731,75.11
2018-06-11,586,1078,1451,2091,734,74.58
2018-06-12,588,1084,1474,2068,746,74.86
2018-06-13,591,1088,1488,2091,751,75.07
2018-06-14,592,1089,1498,2184,768,74.77
2018-06-15,593,1091,1495,2223,760,72.02
2018-06-18,595,1092,1482,2228,746,74.87
2018-06-19,594,1093,1458,2187,736,74.92
2018-06-20,593,1094,1419,2090,743,74.25
2018-06-21,592,1094,1382,2038,743,72.87
2018-06-22,593,1092,1355,2011,742,73.67
2018-06-25,592,1085,1339,2001,745,72.82
2018-06-26,589,1078,1321,1986,745,73.58
2018-06-27,585,1067,1324,1942,735,76.09
2018-06-28,583,1055,1331,2025,727,76.26
2018-06-29,581,1042,1336,2170,724,77.44
2018-07-02,575,1034,1338,2304,712,76.71
2018-07-03,571,1025,1336,2478,705,75.87
2018-07-04,569,1017,1334,2743,702,76.99
2018-07-05,565,1005,1339,3013,705,77.09
2018-07-06,563,999,1347,3086,710,74.98
2018-07-09,562,997,1367,3016,721,77.08
2018-07-10,560,994,1431,2792,729,77.8
2018-07-11,558,992,1498,2793,732,75.35
2018-07-12,558,994,1517,3041,741,72.11
2018-07-13,559,995,1527,3156,738,74.11
2018-07-16,559,998,1529,3238,744,71.03
2018-07-17,561,1003,1530,3335,738,70.87
2018-07-18,561,1008,1529,3230,723,70.52
2018-07-19,561,1016,1538,3130,714,71.94
2018-07-20,560,1023,1557,3205,713,71.99
2018-07-23,560,1028,1566,3304,723,73.45
2018-07-24,559,1030,1581,3461,727,73.53
2018-07-25,556,1033,1588,3462,748,73.67
2018-07-26,554,1034,1583,3303,753,74.51
2018-07-27,553,1035,1588,3197,755,74.84
2018-07-30,551,1035,1587,3280,759,74.99
2018-07-31,549,1035,1570,3471,768,74.16
2018-08-01,547,1036,1539,3515,768,72.28
2018-08-02,544,1032,1491,3534,760,72.95
2018-08-03,543,1030,1447,3632,756,72.48
2018-08-06,542,1030,1420,3654,758,72.51
2018-08-07,541,1032,1386,3550,749,72.31
2018-08-08,541,1035,1365,3483,733,70.71
2018-08-09,543,1036,1349,3472,725,70.55
2018-08-10,542,1039,1339,3480,717,71.0
2018-08-13,543,1040,1339,3536,713,70.62
2018-08-14,543,1042,1362,3587,715,70.77
2018-08-15,543,1045,1403,3560,723,68.38
2018-08-16,544,1050,1447,3476,731,69.21
2018-08-17,545,1056,1485,3454,736,70.14
2018-08-20,543,1062,1506,3424,753,71.11
2018-08-21,543,1069,1530,3426,774,71.65
2018-08-22,548,1078,1560,3371,792,72.96
2018-08-23,547,1087,1607,3232,791,73.73
2018-08-24,551,1095,1630,3164,794,74.41
2018-08-28,554,1110,1643,3088,804,75.91
2018-08-29,556,1121,1639,2994,795,76.07
2018-08-30,559,1128,1608,2826,789,77.05
2018-08-31,562,1132,1571,2732,787,76.94
2018-09-03,563,1133,1540,2672,786,77.81
2018-09-04,564,1135,1517,2535,780,77.51
2018-09-05,565,1135,1504,2410,772,76.68
2018-09-06,565,1135,1516,2424,778,75.67
2018-09-07,568,1134,1528,2411,778,75.55
2018-09-10,569,1136,1544,2363,785,76.77
2018-09-11,572,1135,1556,2191,784,78.22
2018-09-12,576,1134,1550,2074,774,80.02
2018-09-13,581,1132,1534,1980,769,77.66
2018-09-14,588,1134,1523,1900,770,77.87
2018-09-17,596,1138,1518,1853,765,78.22
2018-09-18,600,1151,1525,1826,763,79.25
2018-09-19,604,1159,1530,1850,766,79.43
2018-09-20,612,1169,1557,1838,773,79.03
2018-09-21,617,1175,1586,1840,780,78.9
2018-09-24,622,1185,1609,1864,791,80.89
2018-09-25,622,1190,1639,1868,794,82.21
2018-09-26,626,1194,1677,1910,801,81.87
2018-09-27,627,1195,1689,1949,804,81.54
2018-09-28,629,1194,1695,2000,805,82.72
2018-10-01,630,1193,1692,2061,791,84.94
2018-10-02,631,1189,1678,2148,793,85.63
2018-10-03,633,1190,1679,2199,801,85.45
2018-10-04,634,1192,1706,2148,808,86.07
2018-10-05,637,1197,1727,2081,837,85.12
2018-10-08,639,1201,1749,2042,853,84.22
2018-10-09,643,1203,1747,1961,858,85.16
2018-10-10,647,1205,1749,1949,875,83.82
2018-10-11,652,1207,1763,2005,890,81.35
2018-10-12,657,1204,1775,2169,913,80.71
2018-10-15,661,1200,1779,2189,921,80.91
2018-10-16,663,1196,1793,2164,922,80.53
2018-10-17,665,1192,1796,2106,947,79.91
2018-10-18,668,1181,1789,2176,963,80.3
2018-10-19,670,1170,1775,2230,988,80.38
2018-10-22,671,1163,1756,2296,1024,80.45
2018-10-23,673,1156,1715,2363,1051,78.67
2018-10-24,675,1144,1669,2388,1066,77.34
2018-10-25,676,1132,1622,2353,1099,77.3
2018-10-26,675,1117,1583,2526,1121,77.4
2018-10-29,675,1106,1556,2607,1141,77.56
2018-10-30,675,1087,1530,2630,1153,75.68
2018-10-31,671,1073,1524,2596,1150,74.84
2018-11-01,668,1061,1526,2530,1157,71.25
2018-11-02,666,1051,1530,2502,1152,71.11
2018-11-05,665,1041,1531,2397,1143,72.68
2018-11-06,663,1033,1528,2296,1134,70.64
2018-11-07,660,1021,1511,1968,1116,70.1
2018-11-08,658,1013,1496,1747,1104,69.29
2018-11-09,656,1003,1495,1461,1097,69.01
2018-11-12,654,994,1496,1398,1092,69.81
2018-11-13,653,986,1498,1153,1086,65.45
2018-11-14,652,982,1484,940,1082,64.88
2018-11-15,649,970,1466,1007,1091,65.61
2018-11-16,646,969,1453,1057,1099,65.29
2018-11-19,645,964,1437,1050,1106,64.14
2018-11-20,644,963,1416,1002,1103,61.5
2018-11-21,642,959,1393,1056,1107,61.65
2018-11-22,638,956,1378,1089,1104,61.11
2018-11-23,635,952,1376,1358,1126,57.69
2018-11-26,633,947,1389,1789,1130,59.7
2018-11-27,631,943,1416,2170,1127,59.58
2018-11-28,629,942,1444,2121,1131,57.97
2018-11-29,628,945,1455,1950,1133,58.29
2018-11-30,626,944,1463,1755,1135,57.71
2018-12-03,626,945,1469,1638,1132,60.17
2018-12-04,625,949,1474,1739,1129,61.22
2018-12-05,625,950,1472,1925,1146,61.4
2018-12-06,625,951,1473,2080,1160,57.83
2018-12-07,625,953,1469,2197,1168,61.71
2018-12-10,624,955,1464,2244,1167,60.29
2018-12-11,623,958,1454,2183,1180,59.73
2018-12-12,622,963,1445,2153,1212,59.94
2018-12-13,621,968,1459,2180,1218,59.03
2018-12-14,617,974,1478,2383,1223,58.56
2018-12-17,614,978,1490,2433,1223,57.59
2018-12-18,611,977,1494,2393,1230,55.26
2018-12-19,607,979,1492,2264,1240,55.6
2018-12-20,602,979,1473,2071,1266,52.84
2018-12-21,597,977,1437,1913,1258,51.93
2018-12-24,596,975,1421,1905,1256,51.93
2019-01-02,588,967,1391,1987,1009,54.06
2019-01-03,578,958,1365,1963,999,53.23
2019-01-04,571,946,1331,2003,982,55.64
2019-01-07,563,933,1300,2016,973,57.1
2019-01-08,556,918,1257,2117,967,56.91
2019-01-09,546,893,1218,2078,957,59.46
2019-01-10,536,870,1170,1987,930,60.47
2019-01-11,524,842,1137,1966,929,59.24
2019-01-14,511,814,1118,1952,925,58.8
2019-01-15,499,785,1104,1831,920,58.65
2019-01-16,483,755,1079,1748,899,59.81
2019-01-17,466,729,1045,1868,891,59.85
2019-01-18,451,701,1018,2037,873,62.04
2019-01-21,442,680,991,2024,875,62.18
2019-01-22,432,660,950,1892,868,60.9
2019-01-23,423,638,893,1775,866,61.05
2019-01-24,409,607,828,1726,875,61.09
2019-01-25,395,576,748,1730,877,61.49
2019-01-28,384,552,687,1631,874,59.71
2019-01-29,368,526,644,1508,872,60.98
2019-01-30,347,498,612,1295,859,61.89
2019-01-31,328,472,574,1116,848,62.46
2019-02-01,311,450,560,1014,843,61.86
2019-02-04,301,438,552,984,824,62.26
2019-02-05,294,423,553,972,806,61.67
2019-02-06,294,415,553,929,805,62.22
2019-02-07,290,414,561,846,797,61.01
2019-02-08,290,415,574,792,795,61.37
2019-02-11,292,429,586,736,791,61.3
2019-02-12,296,454,600,711,790,62.58
2019-02-13,302,478,611,707,798,63.27
2019-02-14,311,526,619,729,806,64.0
2019-02-15,315,560,624,727,818,65.65
2019-02-18,322,594,628,713,819,66.41
2019-02-19,335,625,639,650,828,65.86
2019-02-20,345,649,649,578,831,66.82
2019-02-21,353,686,657,570,828,66.91
2019-02-22,359,707,666,545,823,66.91
2019-02-25,366,721,685,520,801,64.02
2019-02-26,372,729,713,522,799,64.51
2019-02-27,382,738,752,500,796,65.55
2019-02-28,388,749,813,459,781,65.03
2019-03-01,393,759,863,383,774,63.71
2019-03-04,397,767,900,355,762,64.44
2019-03-05,407,776,924,299,754,64.24
2019-03-06,413,783,938,270,753,64.51
2019-03-07,418,790,926,236,747,64.82
2019-03-08,421,790,894,235,742,65.66
2019-03-11,424,790,866,250,737,65.06
2019-03-12,429,789,839,278,743,65.33
2019-03-13,430,789,823,327,740,65.89
2019-03-14,434,786,841,403,737,66.18
2019-03-15,437,786,883,520,735,66.11
2019-03-18,440,787,905,476,730,66.65
2019-03-19,443,789,922,421,715,67.13
2019-03-20,446,796,962,399,705,68.35
2019-03-21,449,813,1009,288,700,68.3
2019-03-22,455,826,1027,251,695,66.29
2019-03-25,458,830,1036,230,688,67.37
2019-03-26,463,833,1053,190,678,67.51
2019-03-27,466,831,1056,178,663,67.35
2019-03-28,467,823,1087,167,651,66.08
2019-03-29,464,813,1102,150,648,67.93
2019-04-01,461,807,1110,122,640,69.08
2019-04-02,455,795,1120,92,632,69.68
2019-04-03,448,775,1127,104,623,69.21
2019-04-04,437,757,1124,210,618,69.8
2019-04-05,432,742,1114,276,617,69.93
2019-04-08,425,733,1101,312,610,71.12
2019-04-09,419,726,1085,375,618,71.02
2019-04-10,411,718,1074,428,620,71.63
2019-04-11,406,715,1071,423,634,71.3
2019-04-12,403,711,1073,418,639,71.57
2019-04-15,399,714,1092,445,639,70.9
2019-04-16,397,718,1119,459,643,70.74
2019-04-17,394,726,1147,463,652,71.14
2019-04-18,390,732,1162,490,653,70.71
2019-04-23,391,751,1171,572,644,74.39
2019-04-24,392,773,1177,648,636,73.59
2019-04-25,391,781,1182,691,635,74.94
2019-04-26,389,780,1186,783,640,71.03
2019-04-29,386,777,1189,884,638,71.22
2019-04-30,384,768,1188,1276,634,72.19
2019-05-01,386,763,1187,1389,635,72.01
2019-05-02,384,755,1189,1420,638,70.56
2019-05-03,382,752,1190,1290,645,71.95
2019-05-07,382,761,1189,1119,662,70.98
2019-05-08,382,770,1188,1159,672,71.09
2019-05-09,382,776,1193,1270,680,70.61
2019-05-10,382,779,1198,1371,697,71.63
2019-05-13,382,782,1211,1405,703,72.35
2019-05-14,381,783,1229,1462,704,72.53
2019-05-15,381,784,1243,1417,697,73.09
2019-05-16,383,783,1252,1428,683,74.7
2019-05-17,385,780,1255,1463,678,73.94
2019-05-20,386,778,1256,1470,674,73.21
2019-05-21,388,777,1258,1501,673,72.94
2019-05-22,389,778,1268,1537,672,71.94
2019-05-23,391,779,1287,1558,666,68.37
2019-05-24,393,778,1304,1545,665,67.98
2019-05-28,394,771,1322,1585,658,70.19
2019-05-29,395,763,1337,1659,651,70.64
2019-05-30,397,756,1340,1623,643,69.55
2019-05-31,398,752,1335,1620,636,66.78
2019-06-03,401,748,1325,1650,634,63.16
2019-06-04,403,739,1304,1739,633,63.56
2019-06-05,405,731,1285,1806,632,62.14
2019-06-06,408,726,1246,1826,635,62.77
2019-06-07,412,719,1213,1862,643,64.1
2019-06-10,411,717,1187,1848,645,64.31
2019-06-11,414,714,1166,1798,654,63.56
2019-06-12,416,712,1149,1746,653,61.66
2019-06-13,419,710,1137,1718,657,63.28
2019-06-14,420,716,1131,1800,662,63.13
2019-06-17,422,720,1125,1826,668,62.56
2019-06-18,428,728,1117,1956,677,63.35
2019-06-19,432,736,1110,2051,676,62.85
2019-06-20,437,743,1101,2080,681,65.44
2019-06-21,440,751,1096,2278,679,65.99
2019-06-24,442,756,1111,2363,678,65.16
2019-06-25,442,765,1150,2389,679,66.24
2019-06-26,442,774,1191,2440,678,66.85
2019-06-27,443,783,1243,2465,677,66.78
2019-06-28,442,787,1286,2488,680,67.52
2019-07-01,441,792,1317,2557,679,65.1
2019-07-02,439,796,1370,2717,673,62.72
2019-07-03,440,803,1433,2939,660,63.53
2019-07-04,443,814,1569,3298,652,63.62
2019-07-05,448,820,1665,3346,650,64.23
2019-07-08,454,829,1695,3260,645,64.89
2019-07-09,458,835,1739,3343,640,64.3
2019-07-10,463,845,1791,3361,633,66.41
2019-07-11,468,860,1881,3416,631,67.64
2019-07-12,472,879,1945,3541,628,66.65
2019-07-15,472,888,1992,3724,627,66.86
2019-07-16,477,905,2052,3968,623,65.87
2019-07-17,481,928,2085,4095,627,63.67
2019-07-18,486,953,2134,4256,625,60.7
2019-07-19,492,982,2170,4379,622,61.04
2019-07-22,497,1002,2201,4438,624,61.96
2019-07-23,503,1017,2219,4315,626,62.28
2019-07-24,506,1019,2209,3808,628,63.83
2019-07-25,512,1012,2180,3609,634,63.47
2019-07-26,515,1005,2109,3647,634,62.46
2019-07-29,516,996,2050,3660,632,62.29
2019-07-30,516,988,1969,3664,624,62.55
2019-07-31,516,982,1891,3657,621,64.07
