date,shanghai_rotterdam,rotterdam_shanghai,shanghai_los_angeles,los_angeles_shanghai,shanghai_genoa,new_york_rotterdam,rotterdam_new_york,DCOILBRENTEU
2016-03-10,354.0,601.0,878.0,402.0,341.0,484.0,1857.0,38.63
2016-03-17,336.0,613.0,844.0,402.0,301.0,485.0,1846.0,39.29
2016-03-24,313.0,640.0,795.0,457.0,301.0,485.0,1835.0,38.33
2016-03-31,611.0,621.0,905.0,474.0,958.0,485.0,1828.0,36.75
2016-04-07,667.0,620.0,891.0,475.0,1004.0,482.0,1872.0,37.15
2016-04-14,606.0,632.0,842.0,461.0,964.0,490.0,1847.0,43.02
2016-04-21,475.0,622.0,758.0,461.0,592.0,464.0,1821.0,43.48
2016-04-28,532.0,624.0,754.0,461.0,779.0,464.0,1821.0,45.6
2016-05-05,1376.0,626.0,847.0,462.0,1950.0,453.0,1821.0,44.39
2016-05-12,1343.0,629.0,850.0,457.0,1689.0,453.0,1821.0,46.43
2016-05-19,1180.0,629.0,825.0,457.0,1621.0,511.0,1845.0,47.01
2016-05-26,848.0,629.0,823.0,443.0,1452.0,511.0,1843.0,49.52
2016-06-02,1689.0,640.0,893.0,456.0,1911.0,579.0,1844.0,49.05
2016-06-09,1539.0,616.0,842.0,447.0,1679.0,554.0,1845.0,50.59
2016-06-16,1077.0,604.0,833.0,447.0,1556.0,554.0,1845.0,45.66
2016-06-23,1051.0,604.0,756.0,448.0,1163.0,554.0,1845.0,48.63
2016-06-30,1960.0,604.0,777.0,445.0,1622.0,467.0,1845.0,48.05
2016-07-07,2026.0,623.0,1208.0,482.0,1989.0,584.0,1848.0,45.93
2016-07-14,1794.0,622.0,1199.0,482.0,1820.0,588.0,1865.0,46.01
2016-07-21,1475.0,613.0,1308.0,460.0,1400.0,442.0,1865.0,44.99
2016-07-28,1263.0,656.0,1389.0,468.0,1276.0,442.0,1865.0,41.87
2016-08-04,1914.0,644.0,1343.0,430.0,1762.0,445.0,1852.0,41.33
2016-08-11,1619.0,644.0,1227.0,430.0,1575.0,460.0,1816.0,44.23
2016-08-18,1461.0,644.0,1204.0,430.0,1470.0,491.0,1814.0,49.46
2016-08-25,1310.0,645.0,1183.0,430.0,1013.0,529.0,1814.0,49.25
2016-09-01,1826.0,645.0,1674.0,430.0,1028.0,529.0,1772.0,45.05
2016-09-08,1811.0,633.0,1725.0,434.0,1097.0,530.0,1772.0,49.23
2016-09-15,1754.0,633.0,1780.0,434.0,1429.0,530.0,1772.0,45.83
2016-09-22,1748.0,633.0,1749.0,434.0,1322.0,530.0,1766.0,47.21
2016-09-29,1663.0,633.0,1743.0,434.0,1180.0,530.0,1766.0,48.43
2016-10-06,1226.0,624.0,1722.0,469.0,955.0,520.0,1743.0,50.14
2016-10-13,1239.0,626.0,1749.0,463.0,930.0,520.0,1770.0,49.29
2016-10-20,1377.0,619.0,1955.0,419.0,977.0,520.0,1770.0,50.42
2016-10-27,1430.0,626.0,1910.0,432.0,933.0,522.0,1752.0,49.13
2016-11-03,1696.0,614.0,2018.0,508.0,1355.0,493.0,1752.0,43.84
2016-11-10,1722.0,620.0,1943.0,505.0,1326.0,536.0,1752.0,43.67
2016-11-17,1740.0,620.0,1778.0,505.0,1332.0,521.0,1740.0,44.57
2016-11-24,1556.0,601.0,1689.0,505.0,1296.0,521.0,1745.0,47.54
2016-12-01,1646.0,616.0,1568.0,505.0,1570.0,520.0,1735.0,52.28
2016-12-08,1804.0,633.0,1489.0,507.0,1591.0,474.0,1781.0,51.6
2016-12-15,1707.0,633.0,1479.0,507.0,1610.0,465.0,1781.0,51.72
2016-12-22,1966.0,633.0,1571.0,507.0,1818.0,465.0,1781.0,54.04
2016-12-29,1953.0,633.0,1561.0,507.0,1818.0,464.0,1781.0,54.97
2017-01-05,2210.0,612.0,2106.0,500.0,2144.0,455.0,1785.0,54.99
2017-01-12,2212.0,624.0,2044.0,487.0,2071.0,455.0,1785.0,54.51
2017-01-19,2145.0,618.0,2241.0,498.0,1985.0,455.0,1785.0,53.18
2017-01-26,2121.0,618.0,2135.0,498.0,1969.0,456.0,1785.0,55.89
2017-02-02,2086.0,636.0,2102.0,497.0,1889.0,466.0,1771.0,55.94
2017-02-09,2042.0,744.0,2031.0,498.0,1882.0,466.0,1778.0,53.98
2017-02-16,1678.0,742.0,1958.0,480.0,1617.0,475.0,1728.0,54.16
2017-02-23,1668.0,742.0,1776.0,480.0,1446.0,475.0,1728.0,55.82
2017-03-02,1756.0,740.0,1622.0,490.0,1725.0,479.0,1702.0,54.16
2017-03-09,1643.0,1076.0,1533.0,599.0,1569.0,475.0,1764.0,50.65
2017-03-16,1580.0,898.0,1407.0,493.0,1551.0,475.0,1764.0,50.56
2017-03-23,1542.0,898.0,1356.0,493.0,1490.0,475.0,1764.0,50.17
2017-03-30,1516.0,959.0,1286.0,566.0,1464.0,468.0,1777.0,52.25
2017-04-06,1676.0,1557.0,1454.0,545.0,1600.0,482.0,1810.0,53.62
2017-04-13,1544.0,1570.0,1420.0,549.0,1503.0,482.0,1810.0,55.05
2017-04-20,1546.0,1723.0,1358.0,585.0,1462.0,482.0,1775.0,50.66
2017-04-27,1562.0,1546.0,1328.0,585.0,1501.0,485.0,1802.0,49.46
2017-05-04,1923.0,1235.0,1591.0,549.0,1885.0,488.0,1778.0,47.53
2017-05-11,1869.0,1017.0,1547.0,549.0,1855.0,488.0,1749.0,49.18
2017-05-18,1811.0,1017.0,1407.0,549.0,1837.0,473.0,1755.0,51.71
2017-05-25,1811.0,1017.0,1407.0,549.0,1837.0,473.0,1755.0,52.25
2017-06-01,1801.0,1091.0,1293.0,549.0,1847.0,473.0,1744.0,50.41
2017-06-08,1739.0,1198.0,1377.0,549.0,1739.0,474.0,1744.0,46.3
2017-06-15,1712.0,1452.0,1282.0,549.0,1762.0,494.0,1744.0,45.61
2017-06-22,1652.0,1432.0,1161.0,549.0,1656.0,496.0,1734.0,44.46
2017-06-29,1652.0,1437.0,1133.0,549.0,1656.0,496.0,1734.0,47.02
2017-07-06,1936.0,1348.0,1390.0,543.0,1753.0,522.0,1717.0,48.53
2017-07-13,1865.0,1362.0,1313.0,543.0,1780.0,521.0,1717.0,47.65
2017-07-20,1705.0,1369.0,1242.0,541.0,1608.0,525.0,1717.0,48.54
2017-07-27,1685.0,1361.0,1218.0,541.0,1599.0,525.0,1717.0,50.67
2017-08-03,1801.0,1266.0,1676.0,481.0,1734.0,526.0,1721.0,52.88
2017-08-10,1751.0,1290.0,1657.0,481.0,1685.0,527.0,1721.0,52.59
2017-08-17,1754.0,1290.0,1657.0,478.0,1643.0,527.0,1721.0,50.37
2017-08-24,1739.0,1301.0,1620.0,479.0,1622.0,527.0,1730.0,51.73
2017-08-31,1702.0,1238.0,1561.0,479.0,1630.0,521.0,1730.0,52.69
2017-09-07,1598.0,1231.0,1491.0,480.0,1537.0,500.0,1742.0,54.16
2017-09-14,1535.0,1235.0,1485.0,479.0,1529.0,500.0,1742.0,56.76
2017-09-21,1451.0,1234.0,1546.0,479.0,1447.0,500.0,1883.0,57.73
2017-09-28,1397.0,1228.0,1464.0,479.0,1299.0,500.0,1883.0,58.8
2017-10-05,1325.0,1184.0,1439.0,479.0,1308.0,504.0,2003.0,57.09
2017-10-12,1277.0,1183.0,1465.0,479.0,1322.0,500.0,1871.0,56.13
2017-10-19,1254.0,1187.0,1348.0,479.0,1200.0,500.0,1871.0,57.82
2017-10-26,1252.0,1173.0,1321.0,479.0,1178.0,510.0,1871.0,58.75
2017-11-02,1716.0,1072.0,1634.0,644.0,1640.0,507.0,1691.0,60.79
2017-11-09,1559.0,1045.0,1557.0,479.0,1332.0,503.0,1859.0,64.49
2017-11-16,1436.5,1018.0,1466.5,479.0,1212.5,503.0,1859.0,61.18
2017-11-23,1314.0,991.0,1376.0,479.0,1093.0,503.0,1859.0,63.27
2017-11-30,1304.0,993.0,1145.0,481.0,1085.0,509.0,1853.0,63.53
2017-12-07,1340.0,920.0,1111.0,481.0,1079.0,507.5,1837.0,62.37
2017-12-14,1376.0,847.0,1077.0,481.0,1073.0,506.0,1821.0,63.72
2017-12-21,1494.0,857.0,1154.0,533.0,1081.0,506.0,1748.0,64.64
2017-12-28,1502.0,857.0,1166.0,481.0,1190.0,508.0,1824.0,66.8
2018-01-04,1685.0,867.0,1471.0,482.0,1406.0,505.0,1989.0,68.73
2018-01-11,1726.0,867.0,1411.0,482.0,1427.0,505.0,1989.0,70.36
2018-01-18,1722.0,867.0,1360.0,482.0,1491.0,505.0,1989.0,69.48
2018-01-25,1718.0,860.0,1445.0,482.0,1527.0,505.0,1989.0,71.08
2018-02-01,1813.0,864.0,1565.0,488.0,1634.0,502.0,1989.0,68.6
2018-02-08,1772.0,857.0,1519.0,489.0,1631.0,501.0,2067.0,64.26
2018-02-15,1772.0,867.0,1497.0,489.0,1653.0,503.0,2067.0,62.86
2018-02-22,1740.0,841.0,1486.0,489.0,1674.0,501.0,2067.0,66.12
2018-03-01,1684.0,841.0,1471.0,489.0,1634.0,501.0,2070.0,64.23
2018-03-08,1538.0,841.0,1413.0,492.0,1503.0,509.0,2070.0,63.87
2018-03-15,1470.0,841.0,1367.0,492.0,1447.0,509.0,2070.0,63.67
2018-03-22,1415.0,846.0,1287.0,492.0,1293.0,509.0,2070.0,68.98
2018-03-29,1391.0,846.0,1045.0,492.0,1213.0,507.0,2070.0,69.02
2018-04-05,1201.0,892.0,1112.5,539.0,1228.0,526.0,2000.0,66.54
2018-04-12,1189.0,882.0,1180.0,539.0,1243.0,506.0,1864.0,71.44
2018-04-19,1155.0,892.0,1210.0,539.0,1098.0,511.0,2007.0,74.85
2018-04-26,1142.0,892.0,1164.0,539.0,1098.0,518.0,2007.0,75.39
2018-05-03,1492.0,857.0,1476.0,539.0,1642.0,518.0,1972.0,73.45
2018-05-10,1437.0,843.0,1411.0,495.0,1706.0,518.0,1918.0,77.59
2018-05-17,1459.0,829.0,1397.0,494.0,1653.0,516.0,1918.0,80.09
2018-05-24,1450.0,829.0,1358.0,494.0,1633.0,516.0,1918.0,78.9
2018-05-31,1621.0,823.0,1317.0,495.0,1706.0,516.0,1878.0,76.45
2018-06-07,1641.0,928.0,1386.0,496.0,1707.0,512.0,1837.0,75.23
2018-06-14,1623.0,1006.0,1324.0,495.0,1732.0,517.0,1837.0,74.77
2018-06-21,1601.0,997.0,1282.0,493.0,1729.0,517.0,1837.0,72.87
2018-06-28,1617.0,820.0,1255.0,493.0,1845.0,517.0,1837.0,76.26
2018-07-05,1677.0,812.0,1537.0,494.0,1704.0,585.0,1899.0,77.09
2018-07-12,1661.0,826.0,1472.0,488.0,1607.0,577.0,1942.0,72.11
2018-07-19,1663.0,820.0,1631.0,486.0,1616.0,577.0,1942.0,71.94
2018-07-26,1657.0,832.0,1653.0,486.0,1616.0,591.0,1878.0,74.51
2018-08-02,1784.0,817.0,2151.0,480.0,1677.0,584.0,1965.0,72.95
2018-08-09,1776.0,795.0,2151.0,489.0,1677.0,584.0,1950.0,70.55
2018-08-16,1786.0,822.0,2196.0,494.0,1900.0,583.0,1962.0,69.21
2018-08-23,1786.0,822.0,2182.0,494.0,1900.0,583.0,1962.0,73.73
2018-08-30,1803.0,923.0,2116.0,490.0,1894.0,584.0,1950.0,77.05
2018-09-06,1773.0,910.0,2362.0,494.0,1665.0,557.0,1955.0,75.67
2018-09-13,1662.0,937.0,2362.0,505.0,1573.0,559.0,1955.0,77.66
2018-09-20,1555.0,937.0,2382.0,505.0,1518.0,579.0,1955.0,79.03
2018-09-27,1546.0,967.0,2382.0,505.0,1496.0,582.0,1997.0,81.54
2018-10-04,1433.0,808.0,2382.0,505.0,1456.0,562.0,2009.0,86.07
2018-10-11,1424.0,653.0,2375.0,505.0,1391.0,561.0,2037.0,81.35
2018-10-18,1427.0,578.0,2590.0,518.0,1392.0,567.0,1970.0,80.3
2018-10-25,1427.0,578.0,2621.0,505.0,1378.0,558.0,1956.0,77.3
2018-11-01,1402.0,594.0,2706.0,505.0,1385.0,586.0,2025.0,71.25
2018-11-08,1569.0,644.0,2696.0,507.0,1586.0,580.0,2033.0,69.29
2018-11-15,1614.0,736.0,2696.0,507.0,1440.0,580.0,2029.0,65.61
2018-11-22,1543.0,675.0,2441.0,507.0,1443.0,580.0,2029.0,61.11
2018-11-29,1533.0,620.0,2429.0,507.0,1525.0,580.0,2045.0,58.29
2018-12-06,1579.0,571.0,2186.0,505.0,1608.0,573.0,2050.0,57.83
2018-12-13,1604.0,571.0,2077.0,507.0,1670.0,580.0,2050.0,59.03
2018-12-20,1810.0,571.0,1999.0,507.0,1655.0,580.0,2022.0,52.84
2018-12-27,1775.0,575.0,1877.0,514.0,1655.0,580.0,2030.0,51.49
2019-01-03,2082.0,580.0,2081.0,514.0,2099.0,584.0,2051.0,53.23
2019-01-10,1956.0,581.0,1930.0,523.0,1989.0,581.0,2051.0,60.47
2019-01-17,1956.0,581.0,1930.0,523.0,1989.0,582.0,2051.0,59.85
2019-01-24,1943.0,576.0,2197.0,512.0,1855.0,583.0,2049.0,61.09
2019-01-31,1954.0,578.0,2080.0,493.0,1883.0,595.0,2017.0,62.46
2019-02-07,1794.0,574.0,2031.0,501.0,1895.0,598.0,1997.0,61.01
2019-02-14,1845.0,574.0,2050.0,502.0,1887.0,620.0,1999.0,64.0
2019-02-21,1656.0,576.0,1979.0,506.0,1857.0,625.0,1999.0,66.91
2019-02-28,1652.0,566.0,1590.0,506.0,1745.0,574.0,1999.0,65.03
2019-03-07,1632.0,542.0,1519.0,497.0,1729.0,603.0,2013.0,64.82
2019-03-14,1495.0,542.0,1365.0,497.0,1550.0,566.0,1979.0,66.18
2019-03-21,1431.0,542.0,1392.0,517.0,1444.0,566.0,1979.0,68.3
2019-03-28,1422.0,543.0,1495.0,517.0,1459.0,556.0,1991.0,66.08
2019-04-04,1337.0,551.0,1726.0,519.0,1483.0,529.0,1996.0,69.8
2019-04-11,1360.0,543.0,1504.0,502.0,1486.0,532.0,1996.0,71.3
2019-04-18,1312.0,543.0,1504.0,534.0,1474.0,534.0,2302.0,70.71
2019-04-25,1318.0,543.0,1542.0,534.0,1483.0,534.0,2302.0,74.94
2019-05-02,1464.0,540.0,1548.0,500.0,1477.0,535.0,2339.0,70.56
2019-05-09,1493.0,551.0,1560.0,501.0,1470.0,516.0,2339.0,70.61
2019-05-16,1493.0,551.0,1419.0,501.0,1516.0,516.0,2343.0,74.7
2019-05-23,1426.0,551.0,1560.0,501.0,1412.0,516.0,2343.0,68.37
2019-05-30,1457.0,558.0,1262.0,501.0,1452.0,516.0,2272.0,69.55
2019-06-06,1539.0,549.0,1452.0,501.0,1538.0,516.0,2344.0,62.77
2019-06-13,1487.0,548.0,1412.0,500.0,1569.0,520.0,2364.0,63.28
2019-06-20,1487.0,548.0,1412.0,500.0,1569.0,520.0,2364.0,65.44
2019-06-27,1447.0,565.0,1470.0,500.0,1566.0,523.0,2364.0,66.78
2019-07-04,1374.0,552.0,1649.0,485.0,1379.0,536.0,2378.0,63.62
2019-07-11,1300.0,553.0,1531.0,485.0,1291.0,536.0,2393.0,67.64
2019-07-18,1399.0,577.0,1581.0,484.0,1368.0,519.0,2393.0,60.7
2019-07-25,1356.0,577.0,1466.0,494.0,1327.0,515.0,2374.0,63.47
2019-08-01,1488.0,577.0,1590.0,494.0,1358.0,518.0,2369.0,62.9
2019-08-08,1623.0,579.0,1662.0,429.0,1552.0,535.0,2364.0,56.29
2019-08-15,1731.0,584.0,1456.0,429.0,1750.0,533.0,2364.0,57.37
2019-08-22,1644.0,584.0,1393.0,406.0,2099.0,533.0,2364.0,59.81
2019-08-29,1554.0,576.0,1374.0,416.0,1957.0,534.0,2364.0,60.59
2019-09-05,1506.0,579.0,1685.0,418.0,1838.0,535.0,2347.0,62.7
2019-09-12,1511.0,565.0,1518.0,411.0,1604.0,546.0,2346.0,60.76
2019-09-19,1303.0,566.0,1391.0,411.0,1451.0,536.0,2347.0,64.25
2019-09-26,1247.0,565.0,1404.0,396.0,1395.0,536.0,2346.0,62.08
2019-10-03,1197.0,591.0,1369.0,395.0,1394.0,526.0,2349.0,58.01
2019-10-10,1175.0,591.0,1284.0,394.0,1375.0,524.0,2347.0,59.08
2019-10-17,1210.0,591.0,1402.0,394.0,1411.0,524.0,2347.0,59.35
2019-10-24,1204.0,591.0,1402.0,394.0,1391.0,526.0,2350.0,61.71
2019-10-31,1560.0,591.0,1569.0,394.0,1600.0,516.0,2356.0,59.3
2019-11-07,1652.0,581.0,1591.0,394.0,1635.0,515.0,2363.0,62.6
2019-11-14,1598.0,600.0,1495.0,395.0,1612.0,528.0,2338.0,62.46
2019-11-21,1564.0,600.0,1399.0,436.0,1519.0,515.0,2391.0,64.99
2019-11-28,1660.0,609.0,1352.0,436.0,1601.0,515.0,2397.0,64.68
2019-12-05,1636.0,619.0,1548.0,436.0,1652.0,524.0,2388.0,65.67
2019-12-12,1913.0,618.0,1519.0,355.0,1814.0,530.0,2363.0,66.67
2019-12-19,1999.0,618.0,1435.0,408.0,2372.0,523.0,2374.0,69.7
2019-12-26,2162.0,642.0,1613.0,464.5,2530.5,524.0,2457.5,69.26
2020-01-02,2325.0,666.0,1791.0,521.0,2689.0,525.0,2541.0,67.05
2020-01-09,2293.0,670.0,1626.0,406.0,2630.0,525.0,2415.0,66.58
2020-01-16,2288.0,670.0,1654.0,415.0,2662.0,519.0,2415.0,64.63
2020-01-23,2072.0,670.0,1588.0,409.0,2672.0,532.0,2410.0,61.26
2020-01-30,2081.0,670.0,1582.0,450.0,2687.0,531.0,2344.0,57.72
2020-02-06,2033.0,626.0,1540.0,450.0,2487.0,514.0,2214.0,55.18
2020-02-13,2033.0,626.0,1540.0,450.0,2487.0,514.0,2214.0,56.34
2020-02-20,1851.0,617.0,1496.0,450.0,2227.0,525.0,2214.0,59.57
2020-02-27,1827.0,634.0,1474.0,450.0,2068.0,522.0,2206.0,52.19
2020-03-05,1746.0,786.0,1327.0,458.0,1997.0,517.0,2217.0,51.29
2020-03-12,1748.0,808.0,1318.0,458.0,1968.0,519.0,2234.0,31.02
2020-03-19,1723.0,825.0,1608.0,458.0,2050.0,517.0,2513.0,23.98
2020-03-26,1712.0,825.0,1479.0,458.0,1982.0,516.0,2322.0,23.55
2020-04-02,1583.0,864.0,1659.0,458.0,1807.0,516.0,2322.0,20.24
2020-04-09,1433.0,1021.0,1714.0,507.0,1828.0,548.0,2548.0,20.23
2020-04-16,1475.0,974.0,1605.0,507.0,1842.0,504.0,2551.0,18.69
2020-04-23,1490.0,969.0,1558.0,507.0,1871.0,503.0,2551.0,15.06
2020-04-30,1475.0,974.0,1605.0,507.0,1617.0,511.0,2551.0,18.11
2020-05-07,1404.0,929.0,1745.0,507.0,1567.0,504.0,2592.0,24.23
2020-05-14,1561.0,942.0,1752.0,479.0,1745.0,515.0,2592.0,29.87
2020-05-21,1738.0,1038.0,1700.0,479.0,1910.0,507.0,2516.0,34.78
2020-05-28,1694.0,1021.0,1675.0,452.0,1910.0,507.0,2516.0,33.98
2020-06-04,1685.0,1010.0,2110.0,501.0,1907.0,511.0,2398.0,38.41
2020-06-11,1766.0,1107.0,2144.0,522.0,1809.0,509.0,2398.0,37.76
2020-06-18,1650.0,1221.0,2650.0,522.0,1789.0,518.0,2577.0,41.75
2020-06-25,1830.0,1229.0,2467.0,522.0,1956.0,509.0,2443.0,41.18
2020-07-02,1839.0,1168.0,2923.0,522.0,2058.0,540.0,2369.0,43.19
2020-07-09,1865.0,1158.0,2893.0,517.0,2066.0,543.0,2326.0,42.35
2020-07-16,1806.0,1173.0,2932.0,513.0,1978.0,559.0,2213.0,43.71
2020-07-23,1804.0,1182.0,2934.0,513.0,1978.0,559.0,2213.0,42.96
2020-07-30,1784.0,1198.0,2934.0,513.0,1978.0,560.0,2213.0,42.98
2020-08-06,1856.0,1296.0,3024.0,518.0,1982.0,561.0,2264.0,45.04
2020-08-13,1805.0,1297.0,3208.0,518.0,1982.0,561.0,2202.0,44.87
2020-08-20,1870.0,1222.0,3390.0,518.0,1941.0,552.0,2449.0,44.56
2020-08-27,1922.0,1187.0,3508.0,518.0,2123.0,551.0,2449.0,44.84
2020-09-03,2153.0,1217.0,3870.0,518.0,2218.0,552.0,2449.0,42.72
2020-09-10,2134.0,1239.0,3857.0,518.0,2218.0,551.0,2421.0,39.27
2020-09-17,2287.0,1294.0,3922.0,518.0,2790.0,552.0,2437.0,42.35
2020-09-24,2294.0,1294.0,4085.0,518.0,2689.0,551.0,2437.0,41.24
2020-10-01,2217.0,1294.0,4062.0,518.0,2730.0,551.0,2016.0,39.75
2020-10-08,2197.0,1075.0,4069.0,518.0,2706.0,551.0,2134.0,42.0
2020-10-15,2211.0,1100.0,4053.0,518.0,2639.0,552.0,2222.0,41.61
2020-10-22,2211.0,1100.0,4053.0,518.0,2639.0,552.0,2222.0,41.28
2020-10-29,2219.0,1100.0,4138.0,518.0,2684.0,552.0,2016.0,36.56
2020-11-05,2306.0,1162.0,4054.0,518.0,2733.0,551.0,2014.0,39.47
2020-11-12,2473.0,1209.0,4057.0,518.0,2930.0,558.0,2014.0,42.16
2020-11-19,2473.0,1209.0,4057.0,518.0,2930.0,558.0,2016.0,43.09
2020-11-26,3528.0,1165.0,4048.0,518.0,3667.0,647.0,2016.0,46.32
2020-12-03,4581.0,1307.0,4081.0,518.0,4346.0,648.0,2014.0,48.37
2020-12-10,4575.0,1313.0,4110.0,518.0,4401.0,650.0,1972.0,50.33
2020-12-17,6503.0,1316.0,4116.0,518.0,6661.0,650.0,1972.0,51.2
2020-12-24,6549.0,1316.0,4111.0,518.0,6850.0,651.0,2109.0,50.88
2020-12-31,6606.0,1316.0,4174.0,518.0,7098.0,651.0,2109.0,51.22
2021-01-07,8882.0,1357.0,4194.0,518.0,8380.0,690.0,2185.0,53.7
2021-01-14,8815.0,1357.0,4194.0,518.0,8412.0,663.0,2116.0,55.76
2021-01-21,9066.0,1409.0,4178.0,530.0,8792.0,646.0,2283.0,55.68
2021-01-28,8740.0,1409.0,4178.0,530.0,8736.0,646.0,2283.0,54.87
2021-02-04,8543.0,1465.0,4191.0,530.0,8828.0,743.0,2254.0,58.98
2021-02-11,8463.0,1409.0,4236.0,550.0,8607.0,736.0,2299.0,61.09
2021-02-18,8608.0,1374.0,4348.0,554.0,8622.0,750.0,2299.0,64.09
2021-02-25,8474.0,1418.0,4391.0,554.0,8611.0,753.0,2339.0,66.69
2021-03-04,8188.0,1402.0,4261.0,550.0,8505.0,749.0,2342.0,67.32
2021-03-11,7937.0,1455.0,4245.0,550.0,8277.0,748.0,2359.0,69.34
2021-03-18,7741.0,1455.0,4245.0,550.0,7985.0,740.0,2498.0,62.11
2021-03-25,7608.0,1490.0,4184.0,550.0,7854.0,715.0,2498.0,61.21
2021-04-01,7476.0,1440.0,4383.0,545.0,7682.0,718.0,2498.0,63.85
2021-04-08,7852.0,1465.0,4202.0,540.0,7541.0,745.0,2621.0,62.09
2021-04-15,7476.0,1440.0,4383.0,545.0,7682.0,718.0,2498.0,66.13
2021-04-22,7831.0,1408.0,4209.0,527.0,7919.0,781.0,2462.0,65.07
2021-04-29,7583.0,1368.0,4403.0,582.0,8268.0,851.0,3500.0,68.26
2021-05-06,8371.0,1394.0,5211.0,589.0,8532.0,851.0,3505.0,68.62
2021-05-13,8976.0,1521.0,5255.0,710.0,8943.0,888.0,3550.0,67.36
2021-05-20,9865.0,1546.0,5605.0,738.0,9477.0,888.0,3553.0,65.18
2021-05-27,10174.0,1546.0,5742.0,744.0,9662.0,946.0,3670.0,69.43
2021-06-03,10174.0,1546.0,5742.0,744.0,9662.0,946.0,3670.0,70.71
2021-06-10,10522.0,1715.0,6313.0,808.0,10472.0,1012.0,3988.0,71.65
2021-06-17,11196.0,1583.0,6358.0,931.0,10845.0,1121.0,4607.0,72.92
2021-06-24,11975.0,1649.0,8548.0,1041.0,11448.0,1155.0,4744.0,75.95
2021-07-01,12203.0,1684.0,9165.0,1284.0,11774.0,1166.0,5008.0,76.69
2021-07-08,12795.0,1740.0,9631.0,1326.0,12626.0,1185.0,5336.0,75.07
2021-07-15,12954.0,1740.0,9733.0,1358.0,12685.0,1185.0,5362.0,74.53
2021-07-22,13066.0,1744.0,9953.0,1394.0,12773.0,1258.0,5364.0,74.25
2021-07-29,13352.0,1710.0,10503.0,1408.0,12761.0,1256.0,5624.0,76.3
2021-08-05,13628.0,1670.0,10229.0,1479.0,12792.0,1257.0,6417.0,72.14
2021-08-12,13653.0,1651.0,10322.0,1461.0,12993.0,1171.0,6390.0,71.79
2021-08-19,13698.0,1650.0,10969.0,1358.0,13261.0,1154.0,6435.0,66.8
2021-08-26,13787.0,1647.0,11362.0,1398.0,13464.0,1142.0,6461.0,70.42
2021-09-02,14074.0,1647.0,11509.0,1433.0,13473.0,1168.0,5776.0,73.56
2021-09-09,14287.0,1626.0,11569.0,1448.0,13543.0,1180.0,6160.0,71.32
2021-09-16,14294.0,1628.0,12424.0,1448.0,13502.0,1198.0,6162.0,75.14
2021-09-23,14356.0,1626.0,12424.0,1404.0,13646.0,1107.0,6179.0,76.44
2021-09-30,14558.0,1625.0,12172.0,1383.0,13618.0,1105.0,6192.0,77.81
2021-10-07,14807.0,1604.0,11173.0,1320.0,13765.0,1116.0,6209.0,82.34
2021-10-14,14605.0,1590.0,10898.0,1307.0,13651.0,1154.0,6200.0,83.86
2021-10-21,14555.0,1582.0,10898.0,1315.0,13544.0,1189.0,6157.0,84.58
2021-10-28,14062.0,1591.0,10976.0,1302.0,13123.0,1189.0,6161.0,83.4
2021-11-04,13798.0,1585.0,9857.0,1288.0,12693.0,1189.0,6123.0,80.15
2021-11-11,13801.0,1580.0,9947.0,1303.0,12438.0,1189.0,6255.0,83.4
2021-11-18,13400.0,1577.0,10038.0,1275.0,12420.0,1187.0,6272.0,82.45
2021-11-25,13475.0,1583.0,10085.0,1281.0,12435.0,1186.0,6232.0,82.05
2021-12-02,13500.0,1578.0,9698.0,1306.0,12480.0,1183.0,6214.0,70.56
2021-12-09,13564.0,1544.0,10138.0,1308.0,12801.0,1187.0,6283.0,74.1
2021-12-16,13609.0,1556.0,10180.0,1306.0,12846.0,1187.0,6272.0,74.64
2021-12-23,13642.0,1547.0,10221.0,1309.0,12832.0,1187.0,6290.0,76.26
2021-12-30,13650.0,1548.0,10370.5,1299.5,12805.5,1215.5,6285.0,78.61
2022-01-06,13658.0,1549.0,10520.0,1290.0,12779.0,1244.0,6280.0,81.99
2022-01-13,14028.0,1524.0,10621.0,1285.0,12798.0,1244.0,6233.0,85.8
2022-01-20,14053.0,1452.0,11197.0,1262.0,12794.0,1245.0,6292.0,89.75
2022-01-27,13687.0,1455.0,10691.0,1259.0,12794.0,1244.0,6315.0,90.7
2022-02-03,13686.0,1445.0,10571.0,1257.0,12723.0,1276.0,6455.0,92.99
2022-02-10,13665.0,1396.0,10437.0,1247.0,12722.0,1235.0,6453.0,96.37
2022-02-17,13612.0,1402.0,10682.0,1247.0,12759.0,1214.0,6514.0,95.28
2022-02-24,13625.0,1439.0,11030.0,1247.0,12759.0,1198.0,6518.0,101.29
2022-03-03,12968.0,1439.0,10986.0,1257.0,12690.0,1180.0,6476.0,115.36
2022-03-10,12685.0,1474.0,10965.0,1261.0,12503.0,1157.0,6494.0,114.54
2022-03-17,12221.0,1515.0,10154.0,1269.0,12619.0,1167.0,6491.0,113.5
2022-03-24,11192.0,1490.0,9926.0,1267.0,12201.0,1167.0,6793.0,123.98
2022-03-31,11099.0,1492.0,9112.0,1263.0,11966.0,1167.0,6680.0,107.29
2022-04-07,10845.0,1455.0,8824.0,1275.0,12232.0,1183.0,6903.0,99.83
2022-04-14,10577.0,1402.0,8782.0,1275.0,12094.0,1183.0,6929.0,110.83
2022-04-21,10364.0,1405.0,8758.0,1276.0,12079.0,1183.0,6934.0,107.2
2022-04-28,10199.0,1417.0,8587.0,1274.0,11904.0,1180.0,6940.0,105.78
2022-05-05,9987.0,1451.0,8564.0,1273.0,11908.0,1183.0,7212.0,112.11
2022-05-12,9824.0,1430.0,8666.0,1286.0,11736.0,1181.0,7201.0,108.06
2022-05-19,9793.0,1425.0,8700.0,1278.0,11681.0,1180.0,7189.0,113.22
2022-05-26,9751.0,1419.0,8720.0,1250.0,11683.0,1183.0,7186.0,119.81
2022-06-02,9736.0,1425.0,8700.0,1278.0,11681.0,1180.0,7189.0,122.2
2022-06-09,9799.0,1431.0,8613.0,1250.0,11485.0,1186.0,7100.0,128.47
2022-06-16,9784.0,1414.0,8378.0,1235.0,11445.0,1204.0,6938.0,125.78
2022-06-23,9598.0,1413.0,7952.0,1265.0,11219.0,1211.0,6849.0,114.5
2022-06-30,9240.0,1402.0,7652.0,1238.0,10884.0,1194.0,6783.0,119.78
2022-07-07,9280.0,1328.0,7566.0,1280.0,10851.0,1239.0,6801.0,113.4
2022-07-14,9182.0,1241.0,7480.0,1292.0,10829.0,1280.0,6929.0,107.74
2022-07-21,9092.0,1212.0,7280.0,1259.0,10300.0,1276.0,6926.0,112.81
2022-07-28,9154.0,1197.0,7199.0,1259.0,9929.0,1274.0,6921.0,109.68
2022-08-04,8939.0,1199.0,6985.0,1263.0,9741.0,1292.0,6939.0,97.99
2022-08-11,8833.0,1195.0,6834.0,1258.0,8779.0,1290.0,6945.0,107.19
2022-08-18,8430.0,1187.0,6521.0,1253.0,8587.0,1298.0,6936.0,96.35
2022-08-25,8010.0,1190.0,6127.0,1254.0,8391.0,1278.0,6922.0,98.81
2022-09-01,7583.0,1190.0,5562.0,1262.0,7971.0,1282.0,6839.0,92.24
2022-09-08,7435.0,1082.0,4782.0,1260.0,7884.0,1279.0,6688.0,87.99
2022-09-15,6671.0,1059.0,4252.0,1260.0,7353.0,1282.0,6607.0,89.28
2022-09-22,6027.0,1006.0,3779.0,1282.0,6419.0,1255.0,6737.0,90.4
2022-09-29,5441.0,1003.0,3283.0,1282.0,5216.0,1252.0,7038.0,89.41
2022-10-06,4724.0,967.0,2995.0,1226.0,4912.0,1305.0,7252.0,95.65
2022-10-13,4595.0,915.0,2619.0,1175.0,4736.0,1336.0,7295.0,95.16
2022-10-20,4436.0,887.0,2497.0,1175.0,4614.0,1308.0,7264.0,91.52
2022-10-27,4436.0,887.0,2497.0,1175.0,4614.0,1308.0,7264.0,94.17
2022-11-03,4436.0,887.0,2497.0,1175.0,4614.0,1308.0,7264.0,95.29
2022-11-10,3126.0,867.0,2262.0,1186.0,3494.0,1318.0,7336.0,94.25
2022-11-17,2687.0,840.0,2130.0,1184.0,3404.0,1322.0,7363.0,91.0
2022-11-24,2192.0,819.0,2069.0,1184.0,3221.0,1321.0,7224.0,85.59
2022-12-01,1965.0,820.0,2039.0,1182.0,3085.0,1322.0,7240.0,86.28
2022-12-08,1686.0,799.0,1997.0,1182.0,2908.0,1322.0,7151.0,76.02
2022-12-15,1674.0,797.0,2000.0,1175.0,2909.0,1269.0,7050.0,82.34
2022-12-22,1706.0,789.0,1992.0,1169.0,2879.0,1263.0,6989.0,79.58
2022-12-29,1790.0,787.0,1978.0,1153.5,2902.5,1253.0,6789.0,80.96
2023-01-05,1874.0,785.0,1964.0,1138.0,2926.0,1243.0,6589.0,76.73
2023-01-12,1888.0,785.0,2092.0,1141.0,2821.0,1248.0,6296.0,82.59
2023-01-19,1808.0,797.0,2050.0,1137.0,2780.0,1211.0,6309.0,85.08
2023-01-26,1741.0,762.0,2072.0,1131.0,2778.0,1206.0,6322.0,86.29
2023-02-02,1732.0,786.0,2056.0,1137.0,2727.0,1197.0,6262.0,80.57
2023-02-09,1715.0,761.0,2047.0,1137.0,2655.0,1195.0,6010.0,83.46
2023-02-16,1698.0,754.0,2024.0,1139.0,2581.0,1194.0,5675.0,83.84
2023-02-23,1633.0,728.0,1959.0,1101.0,2540.0,1161.0,5640.0,82.08
2023-03-02,1593.0,715.0,1948.0,1067.0,2477.0,1153.0,5573.0,84.15
2023-03-09,1562.0,702.0,1916.0,1083.0,2287.0,1165.0,5377.0,81.0
2023-03-16,1553.0,687.0,1913.0,1070.0,2256.0,1163.0,5326.0,73.12
2023-03-23,1490.0,693.0,1897.0,1075.0,2249.0,1153.0,5061.0,74.31
2023-03-30,1479.0,701.0,1775.0,1069.0,2285.0,1097.0,4978.0,78.45
2023-04-06,1532.0,678.0,1736.0,1058.0,2245.0,1070.0,4936.0,86.56
2023-04-13,1598.0,642.0,1674.0,1056.0,2236.0,1025.0,4919.0,86.51
2023-04-20,1605.0,618.0,1856.0,1009.0,2268.0,969.0,4881.0,83.29
2023-04-27,1592.0,596.0,1820.0,1017.0,2193.0,926.0,4806.0,80.11
2023-05-04,1645.0,594.0,1825.0,1017.0,2232.0,924.0,4783.0,73.0
2023-05-11,1605.0,593.0,1827.0,1017.0,2207.0,889.0,4530.0,75.32
2023-05-18,1542.0,594.0,1823.0,1029.0,2196.0,839.0,4434.0,75.75
2023-05-25,1530.0,587.0,1798.0,1023.0,2169.0,844.0,3969.0,75.66
2023-06-01,1543.0,579.0,1782.0,1023.0,2175.0,813.0,3714.0,74.18
2023-06-08,1452.0,574.0,1896.0,1022.0,2130.0,794.0,3375.0,75.88
2023-06-15,1349.0,570.0,1746.0,1022.0,2134.0,777.0,3195.0,75.75
2023-06-22,1316.0,570.0,1642.0,1022.0,2075.0,793.0,3226.0,73.93
2023-06-29,1313.0,575.0,1581.0,1022.0,2034.0,793.0,2670.0,73.86
2023-07-06,1345.0,544.0,1638.0,876.0,1993.0,736.0,2003.0,76.72
2023-07-13,1291.0,537.0,1790.0,846.0,1932.0,738.0,1769.0,81.31
2023-07-20,1292.0,528.0,1965.0,839.0,1902.0,736.0,1640.0,79.62
2023-07-27,1292.0,527.0,2087.0,839.0,1893.0,735.0,1590.0,84.28
2023-08-03,1620.0,520.0,2322.0,838.0,2070.0,737.0,1587.0,86.19
2023-08-10,1673.0,526.0,2362.0,846.0,2072.0,798.0,1593.0,87.44
2023-08-17,1673.0,539.0,2361.0,843.0,2086.0,798.0,1577.0,85.24
2023-08-24,1673.0,532.0,2240.0,843.0,2059.0,776.0,1585.0,84.07
2023-08-31,1673.0,516.0,2217.0,840.0,2038.0,757.0,1562.0,87.29
2023-09-07,1673.0,500.0,2254.0,840.0,1888.0,739.0,1561.0,91.16
2023-09-14,1299.0,485.0,2162.0,839.0,1698.0,734.0,1565.0,95.2
2023-09-21,1172.0,483.0,2104.0,831.0,1531.0,747.0,1534.0,93.7
2023-09-28,1052.0,482.0,2016.0,827.0,1488.0,757.0,1564.0,96.64
2023-10-05,1027.0,470.0,1998.0,822.0,1471.0,739.0,1570.0,88.28
2023-10-12,1010.0,460.0,1996.0,831.0,1413.0,677.0,1535.0,88.4
2023-10-19,1024.0,476.0,1979.0,811.0,1370.0,703.0,1564.0,93.12
2023-10-26,1004.0,472.0,1961.0,806.0,1344.0,709.0,1518.0,88.45
2023-11-02,1048.0,465.0,2175.0,784.0,1359.0,656.0,1500.0,89.02
2023-11-09,1272.0,461.0,2287.0,769.0,1470.0,602.0,1488.0,81.74
2023-11-16,1227.0,466.0,2208.0,771.0,1449.0,614.0,1510.0,77.73
2023-11-23,1148.0,474.0,2000.0,765.0,1373.0,613.0,1486.0,80.85
2023-11-30,1171.0,464.0,1971.0,748.0,1397.0,587.0,1486.0,81.72
2023-12-07,1343.0,443.0,1939.0,753.0,1608.0,588.0,1505.0,74.21
2023-12-14,1442.0,452.0,1985.0,770.0,1697.0,591.0,1506.0,77.05
2023-12-21,1667.0,466.0,2100.0,774.0,1956.0,592.0,1480.0,80.73
2023-12-28,2622.0,506.0,2413.0,775.0,3067.0,592.5,1491.5,79.04
2024-01-04,3577.0,546.0,2726.0,776.0,4178.0,593.0,1503.0,75.79
2024-01-11,4406.0,652.0,2790.0,766.0,5213.0,599.0,1513.0,80.21
2024-01-18,4951.0,975.0,3860.0,762.0,6282.0,608.0,1506.0,81.04
2024-01-25,4984.0,1028.0,4344.0,762.0,6365.0,615.0,1576.0,82.33
2024-02-01,4661.0,964.0,4421.0,734.0,5848.0,635.0,1589.0,82.2
2024-02-08,4426.0,990.0,4771.0,726.0,5225.0,611.0,1978.0,83.01
2024-02-15,4288.0,958.0,4754.0,709.0,5173.0,623.0,2173.0,84.33
2024-02-22,4221.0,910.0,4683.0,708.0,5042.0,623.0,2204.0,85.84
2024-02-29,3944.0,915.0,4486.0,719.0,4757.0,633.0,2220.0,84.57
2024-03-07,3650.0,861.0,4272.0,717.0,4449.0,624.0,2192.0,84.88
2024-03-14,3473.0,845.0,4082.0,707.0,4223.0,644.0,2242.0,86.16
2024-03-21,3209.0,827.0,3934.0,701.0,3882.0,658.0,2281.0,84.92
2024-03-28,3159.0,814.0,3825.0,691.0,3806.0,637.0,2261.0,86.17
2024-04-04,3078.0,794.0,3704.0,688.0,3614.0,622.0,2244.0,90.32
2024-04-11,3050.0,767.0,3634.0,693.0,3634.0,625.0,2224.0,91.49
2024-04-18,2989.0,767.0,3487.0,708.0,3577.0,626.0,2291.0,88.34
2024-04-25,3056.0,749.0,3395.0,700.0,3615.0,624.0,2214.0,88.1
2024-05-02,3103.0,739.0,3371.0,700.0,3717.0,625.0,2210.0,84.81
2024-05-09,3709.0,695.0,3988.0,699.0,4295.0,629.0,2160.0,83.27
2024-05-16,4172.0,679.0,4476.0,692.0,4776.0,628.0,2209.0,81.65
2024-05-23,4999.0,673.0,5277.0,692.0,5277.0,630.0,2241.0,79.25
2024-05-30,5270.0,677.0,5390.0,692.0,5390.0,628.0,2222.0,81.42
2024-06-06,6032.0,642.0,5975.0,626.0,6664.0,626.0,2136.0,77.62
2024-06-13,6177.0,661.0,6025.0,640.0,6862.0,640.0,2118.0,81.44
2024-06-20,6867.0,672.0,6441.0,694.0,7029.0,633.0,2093.0,85.92
2024-06-27,7322.0,676.0,6673.0,693.0,7102.0,640.0,2044.0,87.0
2024-07-04,8056.0,643.0,7472.0,696.0,7573.0,656.0,1977.0,88.34
2024-07-11,8048.0,631.0,7512.0,699.0,7614.0,682.0,1955.0,86.49
2024-07-18,8267.0,630.0,7288.0,701.0,7727.0,710.0,1943.0,86.26
2024-07-25,8260.0,627.0,6934.0,706.0,7645.0,736.0,1954.0,82.58
2024-08-01,8200.0,626.0,6740.0,707.0,7610.0,768.0,1945.0,81.37
2024-08-08,7929.0,630.0,6501.0,707.0,7309.0,766.0,1967.0,80.76
2024-08-15,7756.0,629.0,6303.0,707.0,7182.0,762.0,1961.0,83.09
2024-08-22,7429.0,627.0,6401.0,710.0,6788.0,759.0,1934.0,78.8
2024-08-29,7204.0,622.0,6248.0,710.0,6611.0,743.0,1908.0,81.55
2024-09-05,6219.0,612.0,6030.0,714.0,5842.0,732.0,2212.0,74.47
2024-09-12,5152.0,606.0,5627.0,718.0,5256.0,704.0,2011.0,73.81
2024-09-19,4682.0,603.0,5580.0,717.0,4928.0,713.0,2056.0,75.93
2024-09-26,4157.0,600.0,5490.0,717.0,4212.0,722.0,2067.0,73.06
2024-10-03,3815.0,590.0,5258.0,715.0,3848.0,724.0,2061.0,77.57
2024-10-10,3591.0,543.0,5019.0,716.0,3784.0,730.0,2083.0,79.45
2024-10-17,3373.0,547.0,4941.0,716.0,3438.0,729.0,2083.0,74.37
2024-10-24,3132.0,548.0,4814.0,710.0,3296.0,761.0,2663.0,74.27
2024-10-31,3396.0,543.0,4839.0,718.0,3648.0,760.0,2664.0,73.25
2024-11-07,3954.0,524.0,4806.0,720.0,4399.0,785.0,2624.0,75.73
2024-11-14,4043.0,521.0,4700.0,720.0,4400.0,782.0,2658.0,73.39
2024-11-21,4071.0,517.0,4488.0,723.0,4520.0,793.0,2672.0,75.09
2024-11-28,3997.0,518.0,4250.0,721.0,4490.0,789.0,2665.0,73.92
2024-12-05,4775.0,514.0,3719.0,721.0,5496.0,807.0,2649.0,73.78
2024-12-12,4855.0,520.0,3582.0,726.0,5526.0,830.0,2622.0,73.52
2024-12-19,4819.0,508.0,4499.0,726.0,5424.0,824.0,2713.0,73.75
2024-12-26,4796.5,512.0,4664.0,727.0,5422.0,831.0,2716.5,73.5
2025-01-02,4774.0,516.0,4829.0,728.0,5420.0,838.0,2720.0,76.14
2025-01-09,4375.0,522.0,5476.0,719.0,5210.0,828.0,2698.0,78.44
2025-01-16,4231.0,518.0,5228.0,725.0,5086.0,828.0,2798.0,82.39
2025-01-23,3434.0,515.0,4813.0,721.0,4562.0,821.0,2778.0,78.62
2025-01-30,3274.0,518.0,4771.0,721.0,4400.0,839.0,2732.0,77.42
2025-02-06,3125.0,498.0,4717.0,707.0,4236.0,833.0,2469.0,74.54
2025-02-13,2887.0,496.0,4392.0,703.0,4163.0,832.0,2463.0,75.61
2025-02-20,2618.0,498.0,3888.0,701.0,3837.0,829.0,2394.0,76.95
2025-02-27,2586.0,503.0,3477.0,700.0,3747.0,835.0,2374.0,75.01
2025-03-06,2636.0,483.0,3166.0,701.0,3745.0,845.0,2359.0,71.08
2025-03-13,2512.0,490.0,2906.0,702.0,3333.0,854.0,2373.0,70.82
2025-03-20,2463.0,484.0,2658.0,702.0,3286.0,846.0,2316.0,72.61
2025-03-27,2370.0,500.0,2487.0,709.0,3171.0,844.0,2162.0,74.72
2025-04-03,2304.0,466.0,2726.0,705.0,3031.0,831.0,2124.0,72.54
2025-04-10,2392.0,475.0,2815.0,705.0,3071.0,824.0,2153.0,65.37
2025-04-17,2344.0,493.0,2683.0,705.0,3018.0,817.0,2129.0,69.33
2025-04-24,2312.0,481.0,2617.0,705.0,3012.0,825.0,2109.0,67.5
2025-05-01,2202.0,464.0,2590.0,689.0,2889.0,842.0,2041.0,62.37
2025-05-08,2046.0,457.0,2713.0,706.0,2766.0,814.0,1972.0,62.22
2025-05-15,2035.0,457.0,3136.0,709.0,2742.0,824.0,1961.0,64.36
2025-05-22,2030.0,458.0,3197.0,713.0,2841.0,825.0,1952.0,64.87
2025-05-29,2159.0,462.0,3738.0,716.0,2939.0,830.0,1939.0,64.6
2025-06-05,2845.0,509.0,5876.0,716.0,4068.0,821.0,1977.0,67.14
2025-06-12,2837.0,512.0,5914.0,717.0,4054.0,815.0,1982.0,70.84
2025-06-19,3171.0,517.0,4702.0,718.0,4075.0,833.0,1982.0,80.37
2025-06-26,3204.0,515.0,3741.0,717.0,4100.0,826.0,1982.0,68.57
2025-07-03,3468.0,487.0,3180.0,714.0,3751.0,867.0,2119.0,70.42
2025-07-10,3384.0,487.0,2931.0,723.0,3491.0,866.0,1990.0,70.38
2025-07-17,3334.0,495.0,2817.0,720.0,3450.0,876.0,2001.0,71.32
2025-07-24,3286.0,495.0,2675.0,715.0,3376.0,875.0,2033.0,70.42
2025-07-31,3290.0,496.0,2632.0,714.0,3362.0,876.0,2006.0,73.43
2025-08-07,3276.0,489.0,2534.0,711.0,3227.0,853.0,1996.0,66.99
2025-08-14,3176.0,474.0,2494.0,711.0,3084.0,843.0,1945.0,68.12
2025-08-21,2973.0,477.0,2412.0,713.0,2978.0,839.0,1951.0,68.41
2025-08-28,2661.0,467.0,2332.0,714.0,2842.0,845.0,1956.0,68.61
2025-09-04,2385.0,461.0,2522.0,720.0,2653.0,839.0,1950.0,66.41
2025-09-11,2143.0,455.0,2678.0,723.0,2342.0,856.0,1938.0,67.25
2025-09-18,1910.0,457.0,2561.0,721.0,2131.0,847.0,1926.0,67.83
2025-09-25,1735.0,461.0,2311.0,716.0,1990.0,842.0,1819.0,70.48
2025-10-02,1613.0,459.0,2196.0,712.0,1804.0,847.0,1796.0,65.44
2025-10-09,1577.0,449.0,2176.0,716.0,1793.0,830.0,1759.0,67.23
2025-10-16,1669.0,452.0,2195.0,710.0,1821.0,845.0,1797.0,61.08
2025-10-23,1736.0,458.0,2290.0,709.0,1855.0,856.0,1720.0,66.32
2025-10-30,1795.0,463.0,2438.0,706.0,1955.0,846.0,1678.0,65.11
2025-11-06,1962.0,463.0,2647.0,713.0,2111.0,865.0,1664.0,63.41
2025-11-13,2028.0,461.0,2328.0,716.0,2193.0,884.0,1633.0,62.14
2025-11-20,2193.0,460.0,2172.0,718.0,2319.0,903.0,1655.0,63.64
2025-11-27,2165.0,451.0,2089.0,720.0,2300.0,925.0,1664.0,64.18
2025-12-04,2241.0,460.0,2256.0,719.0,2648.0,916.0,1632.0,64.15
2025-12-11,2361.0,465.0,2103.0,709.0,3004.0,942.0,1636.0,61.87
2025-12-18,2539.0,476.0,2474.0,712.0,3314.0,959.0,1642.0,60.69
2025-12-25,2584.0,487.0,2481.0,712.0,3427.0,962.0,1652.0,63.7
2026-01-01,2712.0,495.5,2806.5,716.5,3656.0,964.0,1668.5,61.35
2026-01-08,2840.0,504.0,3132.0,721.0,3885.0,966.0,1685.0,63.34
2026-01-15,2763.0,513.0,2909.0,732.0,3839.0,989.0,1634.0,66.16
2026-01-22,2510.0,502.0,2546.0,705.0,3520.0,983.0,1570.0,65.46
2026-01-29,2379.0,504.0,2442.0,721.0,3293.0,988.0,1605.0,71.0
2026-02-05,2164.0,516.0,2239.0,725.0,3048.0,946.0,1598.0,69.87
2026-02-12,2127.0,525.0,2214.0,726.0,2965.0,966.0,1616.0,69.8
2026-02-19,2109.0,536.0,2219.0,724.0,2895.0,957.0,1612.0,73.17
2026-02-26,2094.0,543.0,2191.0,726.0,2826.0,958.0,1602.0,71.66
2026-03-05,2052.0,543.0,2402.0,724.0,2844.0,964.0,1570.0,88.59
2026-03-12,2443.0,528.0,2503.0,723.0,3120.0,942.0,1527.0,102.38
2026-03-19,2478.0,539.0,2591.0,727.0,3108.0,961.0,1504.0,111.05
2026-03-26,2552.0,595.0,2686.0,729.0,3474.0,970.0,1542.0,113.39
2026-04-02,2543.0,605.0,2663.0,742.0,3529.0,1001.0,1579.0,127.61
2026-04-09,2308.0,592.0,2910.0,762.0,3420.0,1063.0,1968.0,119.03
2026-04-16,2229.0,599.0,2810.0,762.0,3343.0,1022.0,2030.0,116.63
2026-04-23,2147.0,607.0,2934.0,784.0,3071.0,1031.0,2326.0,113.25
2026-04-30,2127.0,616.0,2930.0,796.0,3039.0,1014.0,2327.0,124.24
2026-05-07,2170.0,631.0,3062.0,792.0,3075.0,1023.0,2314.0,101.82
2026-05-14,2127.0,644.0,3357.0,791.0,3701.0,1030.0,2388.0,110.91
2026-05-21,2773.0,650.0,3385.0,809.0,4082.0,1002.0,2453.0,105.84
2026-05-28,2861.0,651.0,3473.0,790.0,4253.0,977.0,2435.0,95.47
2026-06-04,3579.0,617.0,4565.0,783.0,5089.0,966.0,2560.0,98.98
2026-06-11,3768.0,624.0,4683.0,812.0,5139.0,956.0,2508.0,92.84
2026-06-18,4342.0,643.0,5142.0,822.0,5756.0,957.0,2507.0,79.35
2026-06-25,4392.0,648.0,5750.0,828.0,5759.0,1011.0,2584.0,73.74
2026-07-02,4682.0,647.0,6349.0,828.0,6360.0,1015.0,2602.0,68.53
2026-07-09,4933.0,612.0,6482.0,825.0,6463.0,1022.0,2723.0,74.46
2026-07-16,4873.0,605.0,6272.0,825.0,6300.0,1037.0,2667.0,81.23
2026-07-23,4824.0,607.0,5878.0,839.0,5988.0,1050.0,2635.0,105.32
2026-07-30,4667.0,589.0,5739.0,859.0,5630.0,1103.0,2719.0,91.91
2026-08-06,4653.0,583.0,5894.0,839.0,5506.0,1096.0,2773.0,89.65
2026-08-13,4425.0,574.0,6244.0,830.0,5080.0,1088.0,2884.0,92.03
2026-08-20,4401.0,591.0,6802.0,822.0,4955.0,1126.0,3039.0,94.0
2026-08-27,4287.0,588.0,6818.0,822.0,4866.0,1126.0,3010.0,90.18
2026-09-03,4092.0,594.0,7185.0,799.0,4368.0,1122.0,3052.0,100.52
2026-09-10,3997.0,596.0,7352.0,805.0,4216.0,1134.0,3126.0,120.98
2026-09-17,3626.0,604.0,7212.0,789.0,4016.0,1122.0,3121.0,121.18
