date,wci
2016-03-10,341.0
2016-03-17,301.0
2016-03-24,301.0
2016-03-31,958.0
2016-04-07,1004.0
2016-04-14,964.0
2016-04-21,592.0
2016-04-28,779.0
2016-05-05,1950.0
2016-05-12,1689.0
2016-05-19,1621.0
2016-05-26,1452.0
2016-06-02,1911.0
2016-06-09,1679.0
2016-06-16,1556.0
2016-06-23,1163.0
2016-06-30,1622.0
2016-07-07,1989.0
2016-07-14,1820.0
2016-07-21,1400.0
2016-07-28,1276.0
2016-08-04,1762.0
2016-08-11,1575.0
2016-08-18,1470.0
2016-08-25,1013.0
2016-09-01,1028.0
2016-09-08,1097.0
2016-09-15,1429.0
2016-09-22,1322.0
2016-09-29,1180.0
2016-10-06,955.0
2016-10-13,930.0
2016-10-20,977.0
2016-10-27,933.0
2016-11-03,1355.0
2016-11-10,1326.0
2016-11-17,1332.0
2016-11-24,1296.0
2016-12-01,1570.0
2016-12-08,1591.0
2016-12-15,1610.0
2016-12-22,1818.0
2016-12-29,1818.0
2017-01-05,2144.0
2017-01-12,2071.0
2017-01-19,1985.0
2017-01-26,1969.0
2017-02-02,1889.0
2017-02-09,1882.0
2017-02-16,1617.0
2017-02-23,1446.0
2017-03-02,1725.0
2017-03-09,1569.0
2017-03-16,1551.0
2017-03-23,1490.0
2017-03-30,1464.0
2017-04-06,1600.0
2017-04-13,1503.0
2017-04-20,1462.0
2017-04-27,1501.0
2017-05-04,1885.0
2017-05-11,1855.0
2017-05-18,1837.0
2017-05-25,1837.0
2017-06-01,1847.0
2017-06-08,1739.0
2017-06-15,1762.0
2017-06-22,1656.0
2017-06-29,1656.0
2017-07-05,1753.0
2017-07-12,1780.0
2017-07-19,1608.0
2017-07-26,1599.0
2017-08-02,1734.0
2017-08-09,1685.0
2017-08-16,1643.0
2017-08-23,1622.0
2017-08-30,1630.0
2017-09-06,1537.0
2017-09-13,1529.0
2017-09-20,1447.0
2017-09-27,1299.0
2017-10-04,1308.0
2017-10-11,1322.0
2017-10-18,1200.0
2017-10-25,1178.0
2017-11-01,1640.0
2017-11-08,1332.0
2017-11-15,
2017-11-22,1093.0
2017-11-29,1085.0
2017-12-06,
2017-12-14,1073.0
2017-12-21,1081.0
2017-12-28,1190.0
2018-01-04,1406.0
2018-01-11,1427.0
2018-01-18,1491.0
2018-01-25,1527.0
,1634.0
,1631.0
,1653.0
2018-02-22,1674.0
2018-03-01,1634.0
2018-03-08,1503.0
2018-03-15,1447.0
2018-03-22,1293.0
2018-03-29,1213.0
2018-04-05,
2018-04-12,1243.0
2018-04-19,1098.0
2018-04-26,1098.0
2018-05-03,1642.0
2018-05-10,1706.0
2018-05-17,1653.0
2018-05-24,1633.0
2018-05-31,1706.0
2018-06-07,1707.0
2018-06-14,1732.0
2018-06-21,1729.0
2018-06-28,1845.0
2018-07-05,1704.0
2018-07-12,1607.0
2018-07-19,1616.0
2018-07-26,1616.0
2018-08-02,1677.0
2018-08-09,1677.0
2018-08-16,1900.0
2018-08-23,1900.0
2018-08-30,1894.0
2018-09-06,1665.0
2018-09-13,1573.0
2018-09-20,1518.0
2018-09-27,1496.0
2018-10-04,1456.0
2018-10-11,1391.0
2018-10-18,1392.0
2018-10-25,1378.0
2018-11-01,1385.0
2018-11-08,1586.0
2018-11-15,1440.0
2018-11-22,1443.0
2018-11-29,1525.0
2018-12-06,1608.0
2018-12-13,1670.0
2018-12-20,1655.0
2018-12-27,1655.0
2019-01-03,2099.0
2019-01-10,1989.0
2019-01-17,1989.0
2019-01-24,1855.0
2019-01-31,1883.0
2019-02-07,1895.0
2019-02-14,1887.0
2019-02-21,1857.0
2019-02-28,1745.0
2019-03-07,1729.0
2019-03-14,1550.0
2019-03-21,1444.0
2019-03-28,1459.0
2019-04-04,1483.0
2019-04-11,1486.0
2019-04-18,1474.0
2019-04-25,1483.0
2019-05-02,1477.0
2019-05-09,1470.0
2019-05-16,1516.0
2019-05-23,1412.0
2019-05-30,1452.0
2019-06-06,1538.0
2019-06-13,1569.0
2019-06-20,1569.0
2019-06-27,1566.0
2019-07-04,1379.0
2019-07-11,1291.0
,1368.0
,1327.0
2019-08-01,1358.0
2019-08-08,1552.0
2019-08-15,1750.0
2019-08-22,2099.0
2019-08-29,1957.0
2019-09-05,1838.0
2019-09-12,1604.0
2019-09-19,1451.0
2019-09-26,1395.0
2019-10-03,1394.0
2019-10-10,1375.0
2019-10-17,1411.0
2019-10-24,1391.0
2019-10-31,1600.0
2019-11-07,1635.0
2019-11-14,1612.0
2019-11-21,1519.0
2019-11-28,1601.0
2019-12-05,1652.0
2019-12-12,1814.0
2019-12-19,2372.0
2020-01-02,2689.0
2020-01-09,2630.0
2020-01-16,2662.0
2020-01-23,2672.0
2020-01-30,2687.0
2020-02-06,2487.0
2020-02-13,2487.0
2020-02-20,2227.0
2020-02-27,2068.0
2020-03-05,1997.0
2020-03-12,1968.0
2020-03-19,2050.0
2020-03-26,1982.0
2020-04-02,1807.0
2020-04-09,1828.0
2020-04-16,1842.0
2020-04-23,1871.0
2020-04-30,1617.0
2020-05-07,1567.0
2020-05-14,1745.0
2020-05-21,1910.0
2020-05-28,1910.0
2020-06-04,1907.0
2020-06-11,1809.0
2020-06-18,1789.0
2020-06-25,1956.0
2020-07-02,2058.0
2020-07-09,2066.0
2020-07-16,1978.0
2020-07-23,1978.0
2020-07-30,1978.0
2020-08-06,1982.0
2020-08-13,1982.0
2020-08-20,1941.0
2020-08-27,2123.0
2020-09-03,2218.0
2020-09-10,2218.0
2020-09-17,2790.0
2020-09-24,2689.0
2020-10-01,2730.0
2020-10-08,2706.0
2020-10-15,2639.0
2020-10-22,2639.0
2020-10-29,2684.0
2020-11-05,2733.0
2020-11-12,2930.0
2020-11-19,2930.0
2020-11-26,3667.0
2020-12-03,4346.0
2020-12-10,4401.0
2020-12-17,6661.0
2020-12-24,6850.0
2020-12-31,7098.0
2021-01-07,8380.0
2021-01-14,8412.0
2021-01-21,8792.0
2021-01-28,8736.0
2021-02-04,8828.0
2021-02-11,8607.0
2021-02-18,8622.0
2021-02-25,8611.0
2021-03-04,8505.0
2021-03-11,8277.0
2021-03-18,7985.0
2021-03-25,7854.0
2021-04-01,7682.0
2021-04-08,7541.0
2021-04-15,7682.0
2021-04-22,7919.0
2021-04-29,8268.0
2021-05-06,8532.0
2021-05-13,8943.0
2021-05-20,9477.0
2021-05-27,9662.0
2021-06-03,9662.0
2021-06-10,10472.0
2021-06-17,10845.0
2021-06-24,11448.0
2021-07-01,11774.0
2021-07-08,12626.0
2021-07-15,12685.0
2021-07-22,12773.0
2021-07-29,12761.0
2021-08-05,12792.0
2021-08-12,12993.0
2021-08-19,13261.0
2021-08-26,13464.0
2021-09-02,13473.0
2021-09-09,13543.0
2021-09-16,13502.0
2021-09-23,13646.0
2021-09-30,13618.0
2021-10-07,13765.0
2021-10-14,13651.0
2021-10-21,13544.0
2021-10-28,13123.0
2021-11-04,12693.0
2021-11-11,12438.0
2021-11-18,12420.0
2021-11-25,12435.0
2021-12-02,12480.0
2021-12-09,12801.0
2021-12-16,12846.0
2021-12-23,12832.0
2022-01-06,12779.0
2022-01-13,12798.0
2022-01-20,12794.0
2022-01-27,12794.0
2022-02-03,12723.0
2022-02-10,12722.0
2022-02-17,12759.0
2022-02-24,12759.0
2022-03-03,12690.0
2022-03-10,12503.0
2022-03-17,12619.0
2022-03-24,12201.0
2022-03-31,11966.0
2022-04-07,12232.0
2022-04-14,12094.0
2022-04-21,12079.0
2022-04-28,11904.0
2022-05-05,11908.0
2022-05-12,11736.0
2022-05-19,11681.0
2022-05-26,11683.0
2022-06-02,11681.0
2022-06-09,11485.0
2022-06-16,11445.0
2022-06-23,11219.0
2022-06-30,10884.0
2022-07-07,10851.0
2022-07-14,10829.0
2022-07-21,10300.0
2022-07-28,9929.0
2022-08-04,9741.0
2022-08-11,8779.0
2022-08-18,8587.0
2022-08-25,8391.0
2022-09-01,7971.0
2022-09-08,7884.0
2022-09-15,7353.0
2022-09-22,6419.0
2022-09-29,5216.0
2022-10-06,4912.0
2022-10-13,4736.0
2022-10-20,4614.0
2022-10-27,4614.0
2022-11-03,4614.0
2022-11-10,3494.0
2022-11-17,3404.0
2022-11-24,3221.0
2022-12-01,3085.0
2022-12-08,2908.0
2022-12-15,2909.0
2022-12-22,2879.0
2023-01-05,2926.0
2023-01-12,2821.0
2023-01-19,2780.0
2023-01-26,2778.0
2023-02-02,2727.0
2023-02-09,2655.0
2023-02-16,2581.0
2023-02-23,2540.0
2023-03-02,2477.0
2023-03-09,2287.0
2023-03-16,2256.0
2023-03-23,2249.0
2023-03-30,2285.0
2023-04-06,2245.0
2023-04-13,2236.0
2023-04-20,2268.0
2023-04-27,2193.0
2023-05-04,2232.0
2023-05-11,2207.0
2023-05-18,2196.0
2023-05-25,2169.0
2023-06-01,2175.0
2023-06-08,2130.0
2023-06-15,2134.0
2023-06-22,2075.0
2023-06-29,2034.0
2023-07-06,1993.0
2023-07-13,1932.0
2023-07-20,1902.0
2023-07-27,1893.0
2023-08-03,2070.0
2023-08-10,2072.0
2023-08-17,2086.0
2023-08-24,2059.0
2023-08-31,2038.0
,1888.0
,1698.0
,1531.0
,1488.0
2023-10-05,1471.0
2023-10-12,1413.0
2023-10-19,1370.0
2023-10-26,1344.0
2023-11-02,1359.0
2023-11-09,1470.0
2023-11-16,1449.0
2023-11-24,1373.0
2023-11-30,1397.0
2023-12-07,1608.0
2023-12-14,1697.0
2023-12-21,1956.0
2024-01-04,4178.0
2024-01-11,5213.0
2024-01-18,6282.0
2024-01-25,6365.0
2024-02-01,5848.0
2024-02-08,5225.0
2024-02-15,5173.0
2024-02-22,5042.0
2024-02-29,4757.0
2024-03-07,4449.0
2024-03-14,4223.0
2024-03-21,3882.0
2024-03-28,3806.0
2024-04-04,3614.0
2024-04-11,3634.0
2024-04-18,3577.0
2024-04-25,3615.0
2024-05-02,3717.0
2024-05-09,4295.0
2024-05-16,4776.0
2024-05-23,5277.0
2024-05-30,5390.0
2024-06-06,6664.0
2024-06-13,6862.0
2024-06-20,7029.0
2024-06-27,7102.0
2024-07-04,7573.0
2024-07-11,7614.0
,7727.0
2024-07-25,7645.0
,7610.0
2024-08-08,7309.0
2024-08-15,7182.0
2024-08-22,6788.0
2024-08-29,6611.0
2024-09-05,5842.0
2024-09-12,5256.0
2024-09-19,4928.0
2024-09-26,4212.0
2024-10-03,3848.0
2024-10-10,3784.0
2024-10-17,3438.0
2024-10-24,3296.0
2024-10-31,3648.0
2024-11-07,4399.0
2024-11-14,4400.0
2024-11-21,4520.0
2024-11-28,4490.0
2024-12-05,5496.0
2024-12-12,5526.0
2024-12-19,5424.0
2025-01-02,5420.0
2025-01-09,5210.0
2025-01-16,5086.0
2025-01-23,4562.0
2025-01-30,4400.0
2025-02-06,4236.0
2025-02-13,4163.0
2025-02-20,3837.0
2025-02-27,3747.0
2025-03-06,3745.0
2025-03-13,3333.0
2025-03-20,3286.0
2025-03-27,3171.0
2025-04-03,3031.0
2025-04-10,3071.0
2025-04-17,3018.0
2025-04-25,3012.0
2025-05-01,2889.0
2025-05-08,2766.0
2025-05-15,2742.0
2025-05-22,2841.0
2025-05-29,2939.0
2025-06-05,4068.0
2025-06-12,4054.0
2025-06-19,4075.0
2025-06-26,4100.0
2025-07-03,3751.0
2025-07-10,3491.0
2025-07-17,3450.0
2025-07-24,3376.0
2025-07-31,3362.0
2025-08-07,3227.0
2025-08-15,3084.0
2025-08-21,2978.0
2025-08-28,2842.0
2025-09-04,2653.0
2025-09-12,2342.0
2025-09-18,2131.0
2025-09-25,1990.0
2025-10-02,1804.0
2025-10-09,1793.0
2025-10-16,1821.0
2025-10-23,1855.0
2025-10-30,1955.0
2025-11-07,2111.0
2025-11-13,2193.0
2025-11-20,2319.0
2025-11-27,2300.0
2025-12-04,2648.0
2025-12-11,3004.0
2025-12-18,3314.0
2025-12-25,3427.0
2026-01-08,3885.0
2026-01-15,3839.0
2026-01-22,3520.0
2026-01-29,3293.0
2026-02-05,3048.0
2026-02-12,2965.0
2026-02-19,2895.0
2026-02-26,2826.0
2026-03-05,2844.0
2026-03-12,3120.0
2026-03-19,3108.0
2026-03-26,3474.0
2026-04-02,3529.0
2026-04-09,3420.0
2026-04-16,3343.0
2026-04-23,3071.0
,3039.0
2026-05-07,3075.0
2026-05-14,3701.0
2026-05-21,4082.0
2026-05-28,4253.0
2026-06-04,5089.0
2026-06-11,5139.0
2026-06-18,5756.0
2026-06-25,5759.0
2026-07-02,6360.0
2026-07-09,6463.0
2026-07-16,6300.0
2026-07-23,5988.0
2026-07-30,5630.0
2026-08-06,5506.0
2026-08-13,5080.0
2026-08-20,4955.0
2026-08-27,4866.0
2026-09-03,4368.0
2026-09-10,4216.0
2026-09-17,4016.0
